bank,deadtype,bankwhois,bankredir,registered
www.suncoastbank.com,parked-ads,F,F,T
www.cnbweslaco.com,parked-ads,F,F,T
www.snbank.com,bank,T,F,T
www.fnba.net,notreg,F,F,F
www.countrysidebank.net,dead,F,F,T
www.nittanybank.com,bank,F,F,T
www.sccb.com,parked-ads,F,F,T
www.cuyamacabank.com,notreg,F,F,F
www.centurynationalonline.com,dead,F,F,T
www.advest.com,dead,F,F,T
www.wyomingbnk.com,parked-ads,F,F,T
www.ncbbanking.com,dead,F,F,T
www.pamrapo.com,dead,F,F,T
www.fidelitybank-pa.com,bank,T,F,T
www.bankr.com,reuse,F,F,T
www.firstknox.com,bank,F,F,T
www.bellfederalsavings.com,dead,F,F,T
www.medfordcoopbank.com,reuse,F,F,T
www.heritagebanknfl.com,redir2alive,T,T,T
www.firstbankfinancialservices.com,dead,F,T,T
www.brahambank.com,parked-ads,F,F,T
www.first-citizens-bank.com,dead,F,F,T
www.dundasbank.com,notreg,F,F,F
www.firstindependentbank.com,parked-ads,F,F,T
www.arbucklebank.net,redir2alive,T,T,T
www.flatbushfed.com,dead,F,F,T
www.premierbankwv.com,reuse,F,F,T
www.wtdirect.com,dead,F,T,T
www.northwoodsstatebank.com,parked-ads,F,F,T
www.bayfinancial.com,parked-ads,F,F,T
www.gbsb.com,dead,F,T,T
www.hnbtx.com,parked-ads,F,F,T
www.riverviewcommunitybank.com,parked-ads,F,F,T
www.massbank.com,dead,F,F,T
www.fvab.com,notreg,F,F,F
www.unitedkingfield.com,redir2alive,F,T,T
www.nevadasecuritybank.com,dead,F,F,T
www.wnbk.com,bank,F,F,T
www.communitybk.net,parked,F,F,T
www.franklinbankmpls.com,bank,T,F,T
www.ffbsweetwater.com,bank,F,F,T
www.crosbybank.com,dead,F,F,T
www.ncwbank.com,dead,F,T,T
www.csbwaterloo.com,notreg,F,F,F
www.corusbank.com,dead,F,T,T
www.firstamerbank.com,parked-ads,F,F,T
www.sjnb.com,redir2alive,F,T,T
www.postvillestatebank.com,notreg,F,F,F
www.potomacbank.com,parked-ads,F,F,T
www.parkwaybankarizona.com,bank,F,F,T
www.eaglebankky.com,parked-ads,F,F,T
www.thefirstcommercialbank.com,dead,F,T,T
www.fsbvan.com,dead,F,F,T
www.fnbfairfield.com,bank,F,F,T
www.americanfirstbank-florida.com,dead,F,F,T
www.skyfi.com,parked-ads,F,F,T
www.firstessex.com,dead,F,F,T
www.piedmontbankga.com,dead,F,F,T
www.fcbanker.com,dead,F,T,T
www.bankofbellevue.com,parked-ads,F,F,T
www.fnbmena.com,redir2alive,T,T,T
www.securitystatebank-guttenberg.com,dead,F,F,T
www.firstcapitalbank.com,parked-ads,F,F,T
www.lafayettesavings.com,dead,F,T,T
www.bankofpensacola.com,bank,F,F,T
www.valleybankhelena.com,bank,F,F,T
www.chevrontexacocards.com,bank,F,F,T
www.fnblarned.com,parked-ads,F,F,T
www.fnbmtvernon.com,reuse,F,F,T
www.cbt.net,dead,F,F,T
www.ssbnj.com,reuse,F,F,T
www.firsthenryetta.com,notreg,F,F,F
www.westernreservebank.com,redir2alive,T,T,T
www.firstmorris.com,parked,F,F,T
www.firstwesternbank-mn.com,notreg,F,F,F
www.geobank.com,dead,F,F,T
www.1stbankonline.com,dead,F,T,T
www.metabankonline.com,dead,F,T,T
www.sibk.com,dead,F,F,T
www.firstbank1.com,reuse,F,F,T
www.kytrustbank.com,dead,F,F,T
www.abt-bank.com,reuse,F,F,T
www.superiorsavings.com,malware,F,F,T
www.myhtb.com,dead,F,F,T
www.theeastbank.com,parked-ads,F,F,T
www.fwsb.com,dead,F,F,T
www.equinoxbank.com,parked,F,F,T
www.asianbankaz.com,dead,F,F,T
www.burlbank.com,dead,F,T,T
www.fnbaonline.com,dead,F,F,T
www.fnbsanto.com,dead,F,T,T
www.ranchobank.com,dead,F,F,T
www.anbwy.com,dead,F,F,T
www.bankofcurrituck.com,dead,F,T,T
www.bankhays.com,bank,T,F,T
www.americanbank.biz,notreg,F,F,F
www.candcbank.com,dead,F,F,T
www.psbnetbank.com,dead,F,T,T
www.mainsourcebankil.com,dead,F,T,T
www.cornerstonebankms.com,notreg,F,F,F
www.golfsavingsbank.com,bank,F,F,T
www.asbnj.com,dead,F,T,T
www.firstbankingcenter.com,notreg,F,F,F
www.1stks.com,parked-ads,F,F,T
www.fnbruidoso.com,bank,F,F,T
www.citicorptrustbank.com,bank,F,F,T
www.meridianbankusa.com,reuse,F,F,T
www.cardunal.net,parked-ads,F,F,T
www.fssbofsemo.com,notreg,F,F,F
www.pchnb.com,dead,F,F,T
www.mtwashingtonbank.com,bank,F,F,T
www.morgan1st.com,dead,F,F,T
www.bankersbank.com,parked-ads,F,F,T
www.fbbh.com,reuse,F,F,T
www.stockmansbank.com,bank,F,F,T
www.centralkyfsb.com,bank,T,F,T
www.southpointebank.com,parked-ads,F,F,T
www.ivcbank.com,dead,F,F,T
www.firstnationaltullahoma.com,reuse,F,F,T
www.lvfb.com,dead,F,F,T
www.somersetnb.com,parked-ads,F,F,T
www.johnwarnerbank.com,bank,F,F,T
www.bayviewbank.com,dead,F,F,T
www.pointebank.com,bank,F,F,T
www.firstpiedmontbank.com,bank,F,F,T
www.beardstownfsb.com,dead,F,F,T
www.farmersnatbank.com,bank-interstitial,F,F,T
www.unionbankmo.com,dead,F,F,T
www.wnb.com,reuse,F,F,T
www.cbrrv.com,dead,F,F,T
www.fhbanknm.com,notreg,F,F,F
www.firstarkansas.com,dead,F,F,T
www.silverstatebank.com,parked-ads,F,F,T
www.tibbank.com,dead,F,T,T
www.communitybankdestin.com,redir2alive,F,T,T
www.fsbtc.com,dead,F,T,T
www.fcbcf.com,redir2alive,F,T,T
www.firstsuburbanbank.com,reuse,F,F,T
www.pinebank.com,parked-ads,F,F,T
www.pemibank.com,dead,T,F,T
www.hedricksavingsbank.com,bank,F,F,T
www.bankofalbuquerque.com,bank,F,F,T
www.marinebankfsb.com,bank,F,F,T
www.nesqsavingsbank.com,parked-ads,F,F,T
www.carolinanationalbank.com,dead,F,F,T
www.fcbusa.com,dead,T,F,T
www.securitybusinessbank.com,bank,T,F,T
www.fsbfaith.com,bank,T,F,T
www.libertywebbank.com,parked-ads,F,F,T
www.banksterling.com,bank,F,F,T
www.bankcalumet.com,bank,T,F,T
www.goldensecurity.com,parked-ads,F,F,T
www.willowfinancialbank.com,dead,F,F,T
www.fortknoxnationalbank.com,dead,F,F,T
www.fivestarbanknatomas.com,notreg,F,F,F
www.flbk.com,dead,F,F,T
www.pcnbonline.com,dead,F,T,T
www.champaignbank.com,dead,F,T,T
www.mcmullenbank.com,dead,F,F,T
www.unionstate.com,dead,F,T,T
www.bsbbank.com,dead,F,F,T
www.fnbmcconnells.com,dead,F,F,T
www.bvbank.com,dead,F,T,T
www.fnb-jasper.com,bank,F,F,T
www.insurbanc.com,bank,F,F,T
www.progressbank.com,dead,F,F,T
www.cambank.com,dead,F,F,T
www.parkbk.com,parked-ads,F,F,T
www.innovativebank.com,bank-interstitial,F,F,T
www.bankofarkansas.com,bank,F,F,T
www.mainstreetbank.net,parked-ads,F,F,T
www.citigroup.com,bank,F,F,T
www.newlibertybank.com,dead,F,T,T
www.dedhambank.com,dead,T,F,T
www.bankpbb.com,dead,F,F,T
www.minotolabank.com,notreg,F,F,F
www.skybank.com,dead,F,F,T
www.fnichols.com,parked-ads,F,F,T
www.nexitybank.com,dead,F,F,T
www.bayfirstbank.net,redir2alive,F,T,T
www.shorebankpacific.com,dead,F,F,T
www.commercialcapital.com,dead,F,F,T
www.hoisingtonnb.com,dead,F,F,T
www.yourbankaccount.com,dead,F,F,T
www.coleridgenationalbank.com,notreg,F,F,F
www.csbnj.com,redir2alive,F,T,T
www.cambridgeport.com,parked-ads,F,F,T
www.hudsonriverbank.com,redir2alive,F,T,T
www.unioncolonybank.com,bank-interstitial,F,F,T
www.firstfinbank.com,bank,F,F,T
www.securitypacificbank.com,parked-ads,F,F,T
www.txcommunity.com,parked-ads,F,F,T
www.sunsecuritybank.com,parked,F,F,T
www.bankofdwight.com,dead,F,F,T
www.bbnb.com,parked-ads,F,F,T
www.vineyardbank.com,redir2alive,T,T,T
www.nazbank.com,parked-ads,F,F,T
www.firstcommunityindiana.com,redir2alive,F,T,T
www.wcbank.net,parked-ads,F,F,T
www.mainstreettrust.com,parked-ads,F,F,T
www.perpetualsavings.com,parked-ads,F,F,T
www.suttonstatebank.com,bank-interstitial,F,F,T
www.oldecypressbank.com,dead,F,T,T
www.fbr.com,bank,F,F,T
www.horizonbank.com,dead,F,T,T
www.cabbank.com,parked,F,F,T
www.monticellobank.com,malware,F,F,T
www.1sbjc.com,parked,F,F,T
www.beaconfederal.com,dead,F,F,T
www.firstsavings.com,bank,F,F,T
www.union-bank.net,bank-interstitial,F,F,T
www.southshorecommunitybank.com,dead,F,T,T
www.adamsbank.com,dead,F,F,T
www.fnbmunday.com,bank,T,F,T
www.freedombankfl.net,dead,F,T,T
www.firstmybank.com,bank,F,F,T
www.oppbank.com,reuse,F,F,T
www.mcintoshcommercialbank.com,parked-ads,F,F,T
www.unionbankandtrust.com,parked-ads,F,F,T
www.anbia.com,dead,F,T,T
www.landmarkbanks.com,bank,T,F,T
www.amtrust.com,dead,F,T,T
www.townebankaz.com,bank,F,F,T
www.villagebank.net,parked-ads,F,F,T
www.cstonebank.com,dead,F,T,T
www.dgnb.com,dead,F,T,T
www.txcoastalbk.com,redir2alive,F,T,T
www.1stcent.com,reuse,F,F,T
www.newcitybankchicago.com,parked,F,F,T
www.1cbv.com,bank,F,F,T
www.mainstreetbank.com,redir2alive,T,T,T
www.allegiancecommunitybank.com,dead,F,T,T
www.lonsdalebank.com,parked-ads,F,F,T
www.jacksonvillessb.com,reuse,F,F,T
www.go2horizon.com,dead,T,F,T
www.bartowcountybank.com,parked-ads,F,F,T
www.peoplesbankpb.com,redir2alive,F,T,T
www.fm-banks.com,dead,T,F,T
www.fnb-beatrice.com,parked-ads,F,F,T
www.wachovia.com,redir2alive,F,T,T
www.grangebank.com,dead,F,F,T
www.desertbanking.com,bank,T,F,T
www.bankofgower.com,dead,F,T,T
www.elginbank.com,reuse,F,F,T
www.southbaybank.com,parked-ads,F,F,T
www.issaquah-bank.com,dead,T,F,T
www.soheritagebank.com,notreg,F,F,F
www.fbttx.com,notreg,F,F,F
www.timberlandbank.net,dead,F,F,T
www.bank-atpeoples.com,notreg,F,F,F
www.fsbfc.com,parked-ads,F,F,T
www.floridachoicebank.com,dead,F,F,T
www.affinitybankpa.com,bank,F,F,T
www.citizensbankok.com,dead,T,F,T
www.fortressbankmn.com,bank,T,F,T
www.nebraskabankersbank.com,dead,F,T,T
www.1stprivate.com,dead,F,T,T
www.hillcrestbank.com,bank,F,F,T
www.ffinb.com,bank,F,F,T
www.partnerstrust.com,dead,F,T,T
www.fsbia.com,bank,F,F,T
www.farmersbankport.com,notreg,F,F,F
www.1stunitedbnk.com,bank,F,T,T
www.spectrumbank.com,parked-ads,F,F,T
www.unitedsecuritybank.org,bank,F,F,T
www.cnbteague.net,dead,F,F,T
www.wcnb.com,dead,F,F,T
www.bankatmcb.com,dead,F,F,T
www.ffbsanangelo.com,bank,F,F,T
www.abandtnationalbank.com,dead,F,T,T
www.landmarksavingsbank.com,dead,F,F,T
www.hagerstowntrust.com,dead,F,F,T
www.oaklandcommerce.com,dead,F,T,T
www.frederictownbankmd.com,notreg,F,F,F
www.americanperspectivebank.com,dead,F,F,T
www.townbank.com,parked-ads,F,F,T
www.cnbbreckenridge.com,bank,F,F,T
www.fnbgrove.com,bank,F,F,T
www.borregospringsbank.com,bank,T,F,T
www.georgiatrustbank.com,parked-ads,F,F,T
www.libertybanktexas.com,parked-ads,F,F,T
www.firstsaversbank.com,dead,F,T,T
www.covenant-bank.com,bank,F,F,T
www.lnb.com,dead,F,T,T
www.bankhumboldt.com,dead,F,T,T
www.communitybanknh.com,dead,F,F,T
www.charterbank-trust.com,dead,F,F,T
www.coastbankflorida.com,dead,F,F,T
www.sunbankpa.com,parked-ads,F,F,T
www.bankrogers.com,dead,F,F,T
www.statebankoflebo.com,dead,F,F,T
www.marinenationalbank.com,notreg,F,F,F
www.thecountrybank.com,dead,F,T,T
www.cb-demopolis.com,notreg,F,F,F
www.fnbfla.net,notreg,F,F,F
www.1stsecfed.com,dead,F,F,T
www.carolinacommercebank.com,dead,F,F,T
www.excelbankmn.com,bank,F,F,T
www.fnb-bcs.com,bank-interstitial,T,F,T
www.thebankarlington.com,dead,F,T,T
www.berkshirebnk.com,notreg,F,F,F
www.fnbfl.com,bank-interstitial,F,F,T
www.firststatebankfsb.com,redir2alive,F,T,T
www.redoakbank.com,parked-ads,F,F,T
www.farmersandmechanics.com,dead,F,T,T
www.homebuildingsavingsbank.com,bank,T,F,T
www.muskegoncommerce.com,dead,F,T,T
www.bankwmass.com,bank,F,F,T
www.calaisfederal.com,dead,F,F,T
www.fcbanks.com,parked-ads,F,F,T
www.progressbankmo.com,parked-ads,F,F,T
www.newasiabk.com,notreg,F,F,F
www.premierbank.com,dead,F,T,T
www.bankwithcnb.com,dead,F,T,T
www.publicbank.org,dead,F,F,T
www.bankatsba.com,reuse,F,F,T
www.norcrownbanknj.com,redir2alive,T,T,T
www.ojaibank.com,notreg,F,F,F
www.fidelitybankdfw.com,dead,F,T,T
www.vcbbank.com,bank,F,F,T
www.sunrisebankofatlanta.com,bank,F,F,T
www.centurynationalbank.com,bank,T,F,T
www.americancommunitybank.com,bank,F,F,T
www.firstfedwv.com,dead,F,F,T
www.greaterchicagobank.com,notreg,F,F,F
www.georgianbank.com,dead,F,T,T
www.fnbanthony.com,dead,F,F,T
www.sharonco-opbank.com,notreg,F,F,F
www.fairfieldcountysavings.com,redir2alive,T,T,T
www.wcb.com,bank-interstitial,F,F,T
www.daltonwhitfieldbank.com,dead,F,F,T
www.nebankct.com,bank-interstitial,F,F,T
www.nbstamford.com,dead,F,F,T
www.hopedalebank.com,bank,F,F,T
www.quincystatebank.com,dead,F,F,T
www.e-fnbnc.com,notreg,F,F,F
www.stnb.com,dead,T,F,T
www.anbcleveland.com,reuse,F,F,T
www.capitalbanksc.com,dead,F,T,T
www.tcfexpress.com,bank,F,F,T
www.arlingtonnationalbank.com,dead,F,F,T
www.securitybanktusc.com,parked-ads,F,F,T
www.myindianabank.com,redir2alive,F,T,T
www.vabusinessbank.com,reuse,F,F,T
www.parishnational.com,notreg,F,F,F
www.synovusbankfl.com,dead,F,T,T
www.fcbnk.com,reuse,F,F,T
www.firstbankdelta.com,dead,F,F,T
www.bankwithheartland.com,dead,F,F,T
www.fmb-online.com,parked-ads,F,F,T
www.baynetcommunitybank.com,redir2alive,F,T,T
www.miraebank.com,parked-ads,F,F,T
www.inatbank.com,dead,F,F,T
www.siwooganock.com,malware,F,F,T
www.walfordbank.com,parked-ads,T,F,T
www.mfbb.com,dead,F,F,T
www.visionbankfl.net,dead,F,T,T
www.southernbank-of-commerce.com,notreg,F,F,F
www.thepeachtreebank.com,dead,F,F,T
www.senecanb.com,dead,F,F,T
www.fnbwaldron.com,redir2alive,T,T,T
www.nbcbham.com,dead,F,F,T
www.republicbankfl.com,redir2alive,T,T,T
www.lostpines.com,parked-ads,F,F,T
www.ibb.cc,dead,F,F,T
www.shelterbank.com,bank-interstitial,F,F,T
www.virginiasavingsbank.com,bank,F,F,T
www.delsterlingbank.com,dead,F,T,T
www.fsbsherburn.com,notreg,F,F,F
www.securityfederalsavings.com,parked,F,F,T
www.calcommunitybank.com,redir2alive,F,T,T
www.fsbfrankston.com,dead,F,F,T
www.fbwt.com,dead,F,F,T
www.ahbank.com,dead,F,F,T
www.affinitybank.com,dead,F,F,T
www.firstbankamericano.com,dead,F,F,T
www.lcbank.com,parked-ads,F,F,T
www.doralbankny.com,bank,F,F,T
www.gulfsouthprivatebank.com,bank,T,T,T
www.flagshipnationalbank.com,dead,F,T,T
www.banktrustonline.com,redir2alive,F,T,T
www.newsouthfederal.com,dead,F,T,T
www.citizensbankofblythedale.com,parked,T,F,T
www.butlerbank.com,bank-interstitial,F,F,T
www.bluestem.com,bank,T,F,T
www.oldflbank.com,parked-ads,F,F,T
www.cottagesavingsbank.com,dead,T,F,T
www.peoplesstate.com,dead,T,F,T
www.mutualbanking.com,bank,F,F,T
www.fnbcanton.com,redir2alive,T,T,T
www.1stnationalbank.com,bank,F,F,T
www.rockriverbank.com,dead,F,T,T
www.steelvalleybank.com,parked-ads,F,F,T
www.bankofkansascity.com,bank,F,F,T
www.bankofthesouth.net,parked-ads,F,F,T
www.wfb.com,redir2alive,F,T,T
www.parknatl.com,parked-ads,T,F,T
www.tlnbank.com,reuse,F,F,T
www.adamscooperative.com,bank,F,F,T
www.fnbmarengo.com,bank,F,F,T
www.fmbank.net,parked-ads,F,F,T
www.bankofwashtenaw.com,dead,T,F,T
www.magnetbank.net,reuse,F,F,T
www.buttecommunity.com,dead,F,T,T
www.sheridanstatebank.com,dead,F,T,T
www.csbsinton.com,dead,F,F,T
www.kitcarsonstatebank.com,redir2alive,T,T,T
www.ffbhuntsville.com,bank,F,F,T
www.northstarbankna.com,parked-ads,F,F,T
www.sarasotabank.com,dead,F,F,T
www.valleystbk.com,dead,T,F,T
www.vanguardbank.com,bank,F,F,T
www.bank10.com,dead,T,F,T
www.coastalbanc.com,parked-ads,F,F,T
www.bryanbank.com,bank,T,F,T
www.fnbsk.com,bank-interstitial,F,F,T
www.gwsbank.com,parked-ads,F,F,T
www.vbnv.com,parked-ads,F,F,T
www.bartonvillebank.com,dead,F,F,T
www.biglakenationalbank.com,parked-ads,F,F,T
www.fcb.la,dead,F,F,T
www.peoplesbt.com,dead,F,T,T
www.madisonbt.com,notreg,F,F,F
www.bankoforangecounty.com,dead,F,F,T
www.natlbankofcommerce.com,dead,F,F,T
www.cosmopolitanbank.com,dead,F,F,T
www.unionfedbank.com,dead,F,F,T
www.horizonbankfl.com,parked-ads,F,F,T
www.bankab.com,dead,F,T,T
www.capitalbank-nc.com,dead,F,T,T
www.republicfederal.com,dead,F,F,T
www.delawarenational.com,dead,F,F,T
www.cbnaples.com,dead,F,F,T
www.peoplesbankky.com,parked-ads,F,F,T
www.marinerbank.com,parked-ads,F,F,T
www.mibank.com,bank,F,F,T
www.savannahbank.com,bank,T,F,T
www.sandersonbank.com,parked-ads,F,F,T
www.cohuttabank.com,dead,F,T,T
www.birdislandbank.com,bank,F,F,T
www.theexpressbank.com,notreg,F,F,F
www.fcbnm.com,dead,F,F,T
www.americanstatebankforyou.com,notreg,F,F,F
www.ebank.com,dead,F,F,T
www.fnbnelsonville.com,notreg,F,F,F
www.elizabethstatebank.com,parked-ads,F,F,T
www.bankofjacomo.com,parked-ads,F,F,T
www.cbnv.com,dead,F,F,T
www.columbiariverbank.com,dead,F,T,T
www.alliancebankna.com,bank,T,F,T
www.heartlandcb.com,redir2alive,T,T,T
www.communitybankofsmithcounty.com,redir2alive,T,T,T
www.legacysandiego.com,dead,F,F,T
www.fbtspiritlake.com,reuse,F,F,T
www.statebankofloretto.com,notreg,F,F,F
www.larimerbank.com,dead,F,T,T
www.foothillbank.com,parked-ads,F,F,T
www.eagle-bank.com,bank,F,F,T
www.sunstatebank.com,dead,T,F,T
www.regionalbank.com,redir2alive,T,T,T
www.tradersbanking.com,parked-ads,F,F,T
www.pcbionline.com,parked-ads,F,F,T
www.sequoianationalbank.com,dead,T,F,T
www.enfieldfederal.com,parked-ads,F,F,T
www.fsbankmn.com,bank,F,F,T
www.sixrivers.com,redir2alive,F,T,T
www.bankofleigh.com,dead,F,F,T
www.citizenssouth.com,redir2alive,F,T,T
www.royaloaksbank.com,dead,T,F,T
www.csbt.com,bank,F,F,T
www.fsbdent-perham.com,dead,F,F,T
www.granitestatebank.com,parked-ads,F,F,T
www.broadwaybankchicago.com,dead,F,F,T
www.brooklinecoop.com,dead,F,T,T
www.valleystatebank.net,notreg,F,F,F
www.dryadesbank.com,dead,F,T,T
www.fnbsachse.com,notreg,F,F,F
www.coloradovalleybank.com,dead,F,F,T
www.williamsburgnb.com,notreg,F,F,F
www.fnbsj.com,reuse,F,F,T
www.fcbtifton.com,dead,F,T,T
www.unizanbank.com,redir2alive,F,T,T
www.richlandbank.com,bank,F,F,T
www.bentonbankingcompany.com,parked-ads,F,F,T
www.beachfirst.com,bank,F,F,T
www.secondfederal.com,bank,F,F,T
www.banksandiego.com,dead,F,F,T
www.vantagesouth.com,bank,T,F,T
www.statebankofslater.com,redir2alive,T,T,T
www.beverlynational.com,bank,F,F,T
www.sbwi.net,dead,F,F,T
www.oldforgebankpa.com,parked-ads,F,F,T
www.virtualbank.com,bank,F,F,T
www.centerstatemidfl.com,parked-ads,F,F,T
www.hydeparkbank.net,bank,F,F,T
www.bankofes.com,bank,F,F,T
www.communitybankofcentralwisconsin.com,dead,T,F,T
www.firstnationalbank.com,reuse,F,F,T
www.peoplesbankofcoffeecounty.com,reuse,F,F,T
www.fremontbank.net,dead,F,F,T
www.skylandscombank.com,dead,F,T,T
www.statewidebank.com,dead,F,F,T
www.southernbandt.com,bank,F,F,T
www.tcfcorp.com,dead,F,F,T
www.seaislandbank.com,dead,F,T,T
www.fnbcan.com,dead,F,T,T
www.fnb-palm.com,dead,F,T,T
www.libertybankflorida.com,dead,F,T,T
www.valleybankaz.com,notreg,F,F,F
www.ljbank.com,dead,F,T,T
www.communitybanknv.com,parked-ads,F,F,T
www.citizensfinancialbank.com,parked-ads,F,F,T
www.ibankfnb.com,dead,F,F,T
www.fsbastoria.com,dead,F,T,T
www.belmontbank.com,parked-ads,F,F,T
www.securitybank-albany.com,bank,F,F,T
www.fsbdix.com,parked-ads,F,F,T
www.visionbankfsb.net,notreg,F,F,F
www.gofnb.com,bank,F,F,T
www.nvsb.com,reuse,F,F,T
www.hectorbank.com,dead,F,F,T
www.haventrustbankfl.com,dead,F,T,T
www.csbbonner.com,redir2alive,F,T,T
www.guarantygroup.com,parked-ads,F,F,T
www.cobnks.com,bank,F,F,T
www.coppermarkbank.com,bank-interstitial,T,F,T
www.statebank-dillon.com,redir2alive,T,T,T
www.summit-bank.com,parked-ads,F,F,T
www.bankcb.com,dead,F,T,T
www.douglassbk.com,notreg,F,F,F
www.firstfedamerica.com,parked-ads,F,F,T
www.banknorthwest.com,redir2alive,F,T,T
www.combanktrust.com,dead,F,T,T
www.fidelityandtrust.com,dead,F,T,T
www.countrybankusa.com,dead,F,T,T
www.waukeestatebank.com,redir2alive,F,T,T
www.firstinvestors.com,bank,F,F,T
www.colonialbk.com,dead,F,F,T
www.firstccbank.com,parked-ads,F,F,T
www.fsbmapleton.com,dead,F,T,T
www.fnbwellington.com,bank,F,F,T
www.gwinnettbanking.com,parked-ads,F,F,T
www.communitysouthbankandtrust.com,dead,F,T,T
www.heritagecb.com,parked-ads,F,F,T
www.paccrest.com,bank,T,F,T
www.frsb.com,parked-ads,F,F,T
www.bbvapr.com,bank-interstitial,F,F,T
www.fnbbarnesville.com,dead,F,F,T
www.subcombank.com,notreg,F,F,F
www.fsb-ks.com,notreg,F,F,F
www.sumterbank.com,bank,F,F,T
www.fcbmaine.com,dead,F,F,T
www.bankofvenice.com,dead,F,T,T
www.bankatbyron.com,dead,F,F,T
www.gnbtx.com,parked-ads,F,F,T
www.fcnb.com,bank,F,F,T
www.allegbank.com,dead,F,F,T
www.choicebankaz.com,dead,F,F,T
www.baynational.com,dead,F,T,T
www.fmstatebank.com,bank,F,F,T
www.osagevalleybank.com,parked-ads,F,F,T
www.mostatebank.com,bank,F,F,T
www.bankofpowhatan.com,bank-interstitial,T,F,T
www.statebankmn.com,dead,F,T,T
www.chesterfieldfed.com,notreg,F,F,F
www.bankoakland.com,parked-ads,F,F,T
www.prospectbank.com,parked-ads,T,F,T
www.cfbwv.com,dead,F,F,T
www.lehman.com,bank,F,F,T
www.yumabank.com,parked-ads,F,F,T
www.1stbankok.com,dead,F,T,T
www.centralbankga.com,bank,F,F,T
www.jsbofga.com,dead,F,T,T
www.fnbmuskogee.com,bank,T,F,T
www.peoplesfirst.com,dead,F,F,T
www.bankofnashville.com,dead,F,T,T
www.ourmarinebank.com,parked,F,F,T
www.florencebk.com,parked-ads,F,F,T
www.cnblanse.com,dead,F,F,T
www.alamobank.com,dead,T,F,T
www.charterbankwa.com,dead,F,T,T
www.myindependence.com,dead,F,F,T
www.thebankbrevard.com,parked-ads,F,F,T
www.northstarbankwa.com,reuse,F,F,T
www.commerce1st.com,dead,F,T,T
www.williamsburgfnb.com,dead,F,T,T
www.firstkeystone.com,dead,F,T,T
www.foothillsbank.com,parked-ads,F,F,T
www.citizensnationalbank.com,dead,F,T,T
www.statebanktx.com,parked-ads,F,F,T
www.ftbbelton.com,parked,F,F,T
www.bankofsantaclara.com,redir2alive,F,T,T
www.horizonfed.com,parked-ads,F,F,T
www.thecommbank.com,bank,F,F,T
www.nnb-krny.com,bank,F,F,T
www.habcorp.com,dead,F,F,T
www.westernsecurity.com,dead,T,F,T
www.upfc.com,bank,F,F,T
www.unitedbankna.com,dead,F,F,T
www.bocok.net,notreg,F,F,F
www.peoplesstatemanito.com,parked-ads,F,F,T
www.perrystatebk.com,dead,F,T,T
www.powellbank.com,bank,F,F,T
www.ameribank.com,dead,F,T,T
www.virginiaheartlandbank.com,parked,F,F,T
www.midvalleybank.com,bank,F,F,T
www.firstwisconsinbank.com,notreg,F,F,F
www.mvboregon.com,notreg,F,F,F
www.premieramericanbank.com,bank,F,F,T
www.abingtonsavings.com,parked-ads,F,F,T
www.americanhorizonsbank.com,notreg,F,F,F
www.coloradomountainbank.com,bank,F,F,T
www.thebanks.com,parked-ads,F,F,T
www.novasavingsbank.com,bank-interstitial,T,F,T
www.championbankstl.com,reuse,F,F,T
www.synergyonthenet.com,dead,F,T,T
www.fnbolathe.com,bank,F,F,T
www.parkavebank.com,dead,F,F,T
www.providian.com,redir2alive,F,T,T
www.unionbk.com,parked,F,F,T
www.summitbank.net,dead,F,F,T
www.firsteastsidesavings.com,redir2alive,T,T,T
www.service1stbank.com,parked-ads,F,F,T
www.madisonthebank.com,dead,F,F,T
www.northcoastbank.com,redir2alive,T,T,T
www.nanb.com,bank,F,F,T
www.fnbv.com,dead,F,T,T
www.citizensnat.com,reuse,F,F,T
www.whitehallbank.net,bank,T,F,T
www.ambankfl.com,dead,F,F,T
www.sunshinestatebank.com,bank,F,F,T
www.homevalleybank.com,parked-ads,F,F,T
www.interbank.com,dead,F,F,T
www.plantationfederal.com,dead,F,T,T
www.rvsbank.com,parked-ads,F,F,T
www.ainsworth-fnb.com,dead,T,F,T
www.firstindy.com,bank,F,F,T
www.msboftexas.com,dead,F,F,T
www.goldbank.com,parked-ads,F,F,T
www.applevalleybank.com,bank-interstitial,F,F,T
www.asianabankusa.com,notreg,F,F,F
www.ironstonebank.com,dead,F,T,T
www.turnberrybank.com,dead,F,F,T
www.fsbcanisteo.com,parked-ads,F,F,T
www.newfrontierbank.com,parked-ads,F,F,T
www.rivolibank.com,malware,F,F,T
www.inbank.com,dead,T,F,T
www.pacificstatebank.com,dead,F,T,T
www.bankluck.com,notreg,F,F,F
www.firstbradentonbank.com,notreg,F,F,F
www.bankofbirchtree.com,dead,F,F,T
www.farmersdepositbank.com,redir2alive,F,T,T
www.bristolbank.com,parked-ads,F,F,T
www.coop-bank.com,dead,F,F,T
www.harbornatbank.com,parked-ads,F,F,T
www.bankofmonticellowi.com,dead,F,F,T
www.reliancebankfsb.com,bank,T,F,T
www.trustbankcorp.com,dead,T,F,T
www.gbt.com,reuse,F,F,T
www.capitalsouthbank.com,dead,F,T,T
www.onlinewsb.com,reuse,F,F,T
www.fnbathens.com,parked-ads,F,F,T
www.privatebank.com,bank,F,F,T
www.csbshakopee.com,redir2alive,T,T,T
www.temvalbank.com,parked-ads,F,F,T
www.firstchoicebanks.com,dead,F,F,T
www.americantrustbank.us,dead,F,F,T
www.bathnational.com,redir2alive,T,T,T
www.laurelnb.com,notreg,F,F,F
www.citybankhi.com,reuse,F,F,T
www.kentcommerce.com,dead,F,T,T
www.andersonbank.com,parked-ads,F,F,T
www.southwesternbank.com,parked-ads,F,F,T
www.fidelitybankbr.com,redir2alive,T,T,T
www.firstdupagebank.com,bank,F,F,T
www.katybank.com,reuse,F,F,T
www.coloradocapitalbank.com,dead,F,T,T
www.fsevansville.com,bank,F,F,T
www.broadwaynationalbank.com,parked-ads,F,F,T
www.fnbjacksboro.com,bank,F,F,T
www.illinoisstatebank.com,bank,T,F,T
www.gflsb.com,parked-ads,F,F,T
www.balconesbank.com,dead,F,F,T
www.granitebank.com,dead,T,F,T
www.cumberlandnationalbank.com,notreg,F,F,F
www.businessfirst.com,bank,F,F,T
www.fnbgilman.com,dead,F,F,T
www.mountainnational.com,dead,F,F,T
www.fcbvt.com,dead,F,F,T
www.hcbank.com,dead,F,T,T
www.pcboc.com,bank,F,F,T
www.campbellsvillenb.com,parked-ads,F,F,T
www.ffbtx.com,redir2alive,T,T,T
www.aib.com,dead,F,F,T
www.uwbank.com,reuse,F,F,T
www.harleysvillebank.com,dead,F,F,T
www.fsbflandreau.com,dead,T,F,T
www.fnbflorida.com,redir2alive,T,T,T
www.newtontrust.com,bank,F,F,T
www.chipolacommunitybank.com,redir2alive,F,T,T
www.floridafirstbank.com,parked-ads,F,F,T
www.magicvalleybank.com,bank,F,F,T
www.fifthstreetbank.com,notreg,F,F,F
www.southernbanksw.net,notreg,F,F,F
www.fsbcan.com,bank,F,F,T
www.diablovalleybank.com,dead,T,F,T
www.modcombank.com,redir2alive,F,T,T
www.omnibankbr.com,dead,F,T,T
www.cpb.com,dead,F,T,T
www.bankofhanover.com,redir2alive,F,T,T
www.bankoflincolnwood.com,parked-ads,F,F,T
www.securitystatebank.net,bank,F,F,T
www.fnbcamden.com,redir2alive,T,T,T
www.patriotsbankmo.com,bank,T,F,T
www.smallenoughtocare.com,redir2alive,T,T,T
www.cnbgf.com,parked,F,F,T
www.ssbnet.com,dead,T,F,T
www.fibna.com,notreg,F,F,F
www.peninsulabankmd.com,parked-ads,F,F,T
www.centennialbank.net,parked,F,F,T
www.efirstcommbank.com,bank,F,F,T
www.santaluciabank.com,reuse,F,F,T
www.comfedbank.com,dead,T,F,T
www.fmsb.com,parked-ads,F,F,T
www.businessbank.com,parked,F,F,T
www.nynb.com,dead,F,T,T
www.partnersbank.net,reuse,F,F,T
www.firstmainstreet.com,bank,F,F,T
www.oldharborbank.com,dead,F,T,T
www.bankofjuda.com,notreg,F,F,F
www.community-bnk.com,redir2alive,T,T,T
www.fbtrust.com,dead,F,F,T
www.trumanbank.com,redir2alive,T,T,T
www.ggbank.com,redir2alive,F,T,T
www.farmersmo.com,dead,F,T,T
www.signaturebankdallas.com,redir2alive,T,T,T
www.marshallbankfirst.com,parked-ads,F,F,T
www.bankoftuscaloosa.com,dead,F,T,T
www.prairiestatebank.com,dead,F,F,T
www.waccamawbank.com,dead,F,F,T
www.peoples-state-bank.com,reuse,F,F,T
www.secondnationalbank.com,parked-ads,F,F,T
www.portcitycapitalbank.com,notreg,F,F,F
www.westernbankgallup.com,parked,F,F,T
www.ucbky.com,notreg,F,F,F
www.rgcrownbank.com,dead,F,T,T
www.snbtx.com,dead,T,F,T
www.homebankoftn.com,redir2alive,T,T,T
www.securedtrust.com,parked-ads,F,F,T
www.gbbk.com,redir2alive,F,T,T
www.indymacbank.com,bank,F,F,T
www.capitalcrossing.com,bank,F,F,T
www.chittenden.com,bank,F,F,T
www.smithcountystatebank.com,dead,F,F,T
www.combankinc.com,dead,F,F,T
www.oceansidebank.com,dead,F,F,T
www.wsb.net,parked-ads,F,F,T
www.redcedarbank.com,notreg,F,F,F
www.1stbk.com,bank,F,F,T
www.ravenswoodbank.com,bank,F,F,T
www.nwbb.com,dead,F,F,T
www.morganbank.net,redir2alive,T,T,T
www.centbk.com,parked-ads,F,F,T
www.fidelityfederal.com,dead,F,F,T
www.bucsfederal.com,dead,F,F,T
www.annapolisbankandtrust.com,dead,F,T,T
www.fnbmtida.com,redir2alive,T,T,T
www.publicsavings.com,parked-ads,F,F,T
www.advance-bank.com,bank,F,F,T
www.ccbt.com,dead,F,F,T
www.okemahnational.com,dead,F,T,T
www.morrisbl.com,bank,F,F,T
www.perkinsstatebank.com,redir2alive,T,T,T
www.fortdmbank.com,notreg,F,F,F
www.allstatebank.com,bank-interstitial,F,F,T
www.cibbank-indy.com,parked-ads,F,F,T
www.eastvalleybank.com,dead,F,F,T
www.creeksidebank.com,dead,F,F,T
www.myguarantybank.com,dead,T,F,T
www.mercantileweb.com,bank,F,F,T
www.rappahannockbank.com,bank,F,F,T
www.firstcoastalbank.com,redir2alive,T,T,T
www.firstfederalbank.com,dead,F,T,T
www.bankingwithsecurity.com,notreg,F,F,F
www.bankeast.com,dead,F,T,T
www.firstnationbank.com,dead,F,F,T
www.pibank.com,bank-interstitial,F,F,T
www.fsbindiana.com,bank,F,F,T
www.emarinebank.com,bank,F,F,T
www.swcapitalbank.com,reuse,F,F,T
www.ricevillefsb.com,parked-ads,F,F,T
www.jasperstatebank.com,notreg,F,F,F
www.wnbank.com,dead,F,T,T
www.interconbank.com,dead,F,F,T
www.allenbank.com,parked-ads,F,F,T
www.abingtonbank.com,parked-ads,F,F,T
www.fnbolneytx.com,bank,F,F,T
www.thestatebankonline.com,redir2alive,F,T,T
www.monroebk.com,notreg,F,F,F
www.stratabank.com,dead,F,T,T
www.banktulsa.com,parked-ads,F,F,T
www.fnbstratton.com,reuse,F,F,T
www.bowmillsbank.com,reuse,F,F,T
www.rangebank-cc.com,notreg,F,F,F
www.circlebank.com,bank-interstitial,T,F,T
www.eocean.com,bank,F,F,T
www.rainierpac.com,bank-interstitial,F,F,T
www.blueridgesavings.com,bank,F,F,T
www.bankfranklin.com,parked-ads,F,F,T
www.wcnbquitman.com,bank,F,F,T
www.firststateatwood.com,redir2alive,T,T,T
www.mychartbank.com,dead,F,F,T
www.mercantilesouthernmarylandbank.com,dead,F,T,T
www.firstandocean.com,dead,F,F,T
www.downeysavings.com,reuse,F,F,T
www.thebank-fcb.com,redir2alive,T,T,T
www.frontierbank.com,dead,F,T,T
www.asbonline.com,bank-interstitial,T,F,T
www.csbmiltonvale.net,bank,T,F,T
www.nenbank.com,parked-ads,F,F,T
www.bank-meridian.com,dead,F,T,T
www.westerncommercialbank.com,reuse,F,F,T
www.riversidebank.net,dead,F,F,T
www.valleybank.com,bank,F,F,T
www.floridagulfbank.com,redir2alive,T,T,T
www.ubcd.com,dead,T,F,T
www.firstcommercialbank.com,dead,F,T,T
www.catawbavalleybank.com,dead,T,F,T
www.brbank.com,bank,F,F,T
www.jacksonbankandtrust.com,malware,F,F,T
www.putnamstatebank.com,dead,F,T,T
www.advantabankcorp.com,bank,F,F,T
www.citizens1st.com,redir2alive,F,T,T
www.countynational.com,bank,T,F,T
www.freedomaccess.com,parked,F,F,T
www.piedmontcommunitybank.com,dead,F,T,T
www.enbkansas.com,bank-interstitial,F,F,T
www.southwestcommunitybank.net,dead,F,T,T
www.fsbbancorp.com,notreg,F,F,F
www.firstbank-alma.com,dead,T,F,T
www.statebankofaurora.com,dead,F,F,T
www.primetrustbank.com,parked-ads,F,F,T
www.lakecitycreedebank.com,notreg,F,F,F
www.bank360online.com,dead,T,F,T
www.agedwards.com,dead,F,T,T
www.rsb.net,dead,T,F,T
www.maldenbank.com,bank,F,F,T
www.cfbky.com,parked-ads,F,F,T
www.landmarkbankfl.com,parked-ads,F,F,T
www.solanobank.com,bank-interstitial,T,F,T
www.midstatebank.com,redir2alive,T,T,T
www.bankoffallriver.com,parked-ads,F,F,T
www.brooklynbank.com,bank,F,F,T
www.firstlouisiana.com,dead,F,F,T
www.tricountynb.com,parked-ads,F,F,T
www.fnbwy.com,parked-ads,F,F,T
www.bankwithbni.com,notreg,F,F,F
www.cjbna.com,dead,F,T,T
www.guarantybankva.com,notreg,F,F,F
www.selectbanknj.com,dead,F,F,T
www.mtmorrissavings.com,parked-ads,F,F,T
www.thelegacybank.com,dead,F,F,T
www.onegeorgiabank.com,bank,F,F,T
www.sbbt.com,bank,T,F,T
www.cedarcreekbank.com,notreg,F,F,F
www.valleybankcherokee.com,parked-ads,F,F,T
www.union-bankrc.com,bank-interstitial,F,F,T
www.irwinbank.com,bank,F,F,T
www.bordertrust.com,dead,F,F,T
www.manateeriverbank.com,parked-ads,F,F,T
www.bankofeverett.com,bank,F,F,T
www.villaparkbank.com,parked-ads,F,F,T
www.bankofillinois.com,dead,F,F,T
www.westernstatebank.com,parked-ads,F,F,T
www.privest.com,dead,T,F,T
www.nationpoint.com,dead,F,F,T
www.fnbchelseaok.com,parked,T,F,T
www.centralcaliforniabank.com,bank-interstitial,T,F,T
www.cnbanytime.com,dead,F,F,T
www.rbccentura.com,bank,F,F,T
www.bbandt.com,redir2alive,T,T,T
www.fnbdavis.com,bank,F,F,T
www.sandcbank.com,parked-ads,F,F,T
www.fcbhl.com,bank,T,F,T
www.rossvillebank.com,bank,F,F,T
www.commonwealthworcester.com,bank,F,F,T
www.ohioriverbank.com,redir2alive,F,T,T
www.mountainstatesbank.com,redir2alive,F,T,T
www.nevadafirstbank.com,dead,T,F,T
www.nbank.com,parked-ads,F,F,T
www.saltcreekvalleybank.com,notreg,F,F,F
www.heritagebanks.com,parked-ads,F,F,T
www.trinitybank.com,bank,F,F,T
www.cfsbank.com,dead,F,F,T
www.vintagebank.com,dead,T,F,T
www.bankescondido.com,bank,F,F,T
www.communitybancgroup.com,dead,T,F,T
www.bluebonnetsavings.com,parked,F,F,T
www.montanafirstnational.com,notreg,F,F,F
www.nlsb.com,dead,F,F,T
www.rivercitybank.org,parked-ads,F,F,T
www.baysidesavingsbank.com,parked,F,F,T
www.combk.com,dead,F,T,T
www.marketplacebank.com,dead,F,F,T
www.haventrustbank.com,parked-ads,F,F,T
www.fmbankokc.com,dead,F,T,T
www.sleepyhollowbank.com,parked-ads,F,F,T
www.gatewaybankpa.com,bank,T,F,T
www.bankoftexas.com,bank,F,F,T
www.banknorthgeorgia.com,dead,F,T,T
www.kniselybank.com,parked-ads,F,F,T
www.communitybankotc.com,bank,T,F,T
www.elibertybank.com,dead,F,F,T
www.lancasternationalbank.com,reuse,F,F,T
www.fbnw.com,reuse,F,F,T
www.lonestarstatebank.com,redir2alive,T,T,T
www.keysourcebank.com,bank,T,F,T
www.mooresvillesavingsbank.com,notreg,F,F,F
www.martimesavings.com,notreg,F,F,F
www.trust1bank.com,dead,F,T,T
www.longleafbank.com,dead,F,F,T
www.gsbbank.com,parked-ads,F,F,T
www.fnbwiggins.com,notreg,F,F,F
www.southernbank.net,reuse,F,F,T
www.ml.com,bank,F,F,T
www.fnbblytheville.com,parked-ads,F,F,T
www.firsttexomabank.com,parked-ads,F,F,T
www.citizensnational.net,bank,F,F,T
www.aliantbank.com,bank,F,F,T
www.feltonbank.com,bank,F,F,T
www.wheatlandbankil.com,dead,F,F,T
www.redmondbank.com,parked,F,F,T
www.nnba.com,dead,T,F,T
www.ilcommunitybank.com,notreg,F,F,F
www.jenningsbank.com,dead,F,F,T
www.republicbk.com,notreg,F,F,F
www.banksouthwest.com,parked-ads,F,F,T
www.cnbjc.com,reuse,F,F,T
www.royalamerican.com,bank,F,F,T
www.prosperitybankva.com,dead,F,T,T
www.centralvalleybank.com,dead,F,F,T
www.ssbhl.com,dead,F,T,T
www.cbswf.com,dead,F,T,T
www.firstindependentnv.com,bank,F,F,T
www.fortressbankcresco.com,bank,F,F,T
www.enbank.com,redir2alive,T,T,T
www.firstfed.com,redir2alive,F,T,T
www.knbt.com,bank,F,F,T
www.northwaystatebank.com,notreg,F,F,F
www.f1rstbank.com,parked-ads,F,F,T
www.blainestatebank.com,bank,T,F,T
www.tippinsbank.com,bank,F,F,T
www.northcountybank.com,parked-ads,F,F,T
www.plymouthsavings.com,parked-ads,F,F,T
www.gulfbankonline.com,notreg,F,F,F
www.pioneerbankstl.com,dead,F,F,T
www.wsnb.com,bank-interstitial,T,F,T
www.pioneerbankfsb.com,reuse,F,F,T
www.borel.com,dead,F,T,T
www.northamericanbank.com,dead,F,F,T
www.unionplanters.com,dead,F,F,T
www.citizenstrustcompany.com,parked-ads,F,F,T
www.bankofshorewood.com,bank,F,F,T
www.nnsbva.com,parked-ads,F,F,T
www.firstchoicecb.com,parked-ads,F,F,T
www.first-southern.com,dead,F,F,T
www.thegreenecountybank.com,notreg,F,F,F
www.communitybankaz.com,dead,F,F,T
www.myawb.com,reuse,F,F,T
www.bankofwaukegan.com,redir2alive,T,T,T
www.kbank.net,dead,F,T,T
www.swbnevada.com,bank,F,F,T
www.cbkyonline.com,notreg,F,F,F
www.mycentralbank.com,dead,F,F,T
www.irwinunion.com,dead,F,F,T
www.myecb.com,bank,F,F,T
www.patriotbankga.com,bank,F,F,T
www.centurybankoregon.com,redir2alive,F,T,T
www.lakecountrybankers.com,notreg,F,F,F
www.trustcompany.com,reuse,F,F,T
www.statenationalbank.com,dead,F,T,T
www.bergencommercial.com,redir2alive,T,T,T
www.fnbconline.com,bank-interstitial,F,F,T
www.nbne.com,bank,F,F,T
www.ccbnj.com,reuse,F,F,T
www.bank-of-dadeville.com,dead,F,F,T
www.sdnb.com,parked-ads,F,F,T
www.cnbwalker.com,notreg,F,F,F
www.pbtok.com,dead,F,F,T
www.bankofcommerce-nevada.com,dead,F,F,T
www.bankoskaloosa.com,dead,F,T,T
www.oaksbank.com,bank,T,F,T
www.sssb.us,reuse,F,F,T
www.fortressbankwestby.com,bank,F,F,T
www.onb.com,dead,F,F,T
www.csb-bank.com,reuse,F,F,T
www.sterlingnj.com,parked-ads,F,F,T
www.visionbankiowa.com,bank,F,F,T
www.narabank.com,bank-interstitial,F,F,T
www.pcbaz.com,reuse,F,F,T
www.bankatfirstfederal.com,notreg,F,F,F
www.bankoffriendship.com,reuse,F,F,T
www.twincitybank.net,parked,F,F,T
www.firstcherokeestate.com,dead,F,F,T
www.rvfbank.com,bank,F,F,T
www.anbf.com,bank,F,F,T
www.1stbmt.com,bank,F,F,T
www.whiteoakstatebank.com,redir2alive,F,T,T
www.marklebank.com,bank,T,F,T
www.peoplescb.com,malware,F,F,T
www.dekalbcommunitybank.com,dead,F,F,T
www.banktrustal.net,bank-interstitial,T,F,T
www.bankhorizon.com,dead,F,F,T
www.sycamorenationalbank.com,reuse,F,F,T
www.alamancebank.com,dead,T,F,T
www.firsttexasbank-rr.com,bank,F,F,T
www.satillacommunitybank.com,dead,F,T,T
www.commfirstbank.com,dead,F,T,T
www.chsl.cc,notreg,F,F,F
www.greenbankusa.com,dead,F,T,T
www.communitybankofrockmart.com,dead,F,T,T
www.partnersbank.com,dead,F,T,T
www.communitybankssb.net,reuse,F,F,T
www.vikingbank.com,bank,F,F,T
www.kaweahnb.com,notreg,F,F,F
www.burtcountybank.com,redir2alive,T,T,T
www.danversbank.com,bank,F,F,T
www.imperialcapitalbank.com,dead,F,F,T
www.enbonline.com,dead,F,F,T
www.rgonline.com,notreg,F,F,F
www.alliedhoustonbank.com,notreg,F,F,F
www.fnbwest.com,bank,F,F,T
www.theriverbank.com,redir2alive,T,T,T
www.mesabank.com,dead,F,F,T
www.omegafinancial.com,dead,F,T,T
www.albemarlefirstbank.com,reuse,F,F,T
www.harvestbankmd.com,bank,F,F,T
www.fcbankonline.com,bank,F,F,T
www.statebanktrust.com,dead,F,F,T
www.glasgowsavingsbank.com,redir2alive,F,T,T
www.pacificliberty.com,parked-ads,F,F,T
www.riversidenb.com,bank,F,F,T
www.commonwealth-coop.com,bank,F,F,T
www.eagleanywhere.com,notreg,F,F,F
www.coastalcommunitybank.com,parked,F,F,T
www.horizonbankmn.com,dead,F,T,T
www.fsbraymond.com,notreg,F,F,F
www.statefederal.com,parked-ads,F,F,T
www.franklinsavings.com,bank,F,F,T
www.centralbk.com,redir2alive,F,T,T
www.ctriverbank.com,bank,F,F,T
www.securitysb.com,dead,F,T,T
www.atlanticlibertysavings.com,bank-interstitial,F,F,T
www.provbank.com,dead,F,T,T
www.firstasianbank.net,parked-ads,F,F,T
www.ffinbank.com,bank,F,F,T
www.tfnbashdown.com,redir2alive,T,T,T
www.alliancebankva.com,bank,T,F,T
www.newalliancebank.com,dead,F,F,T
www.fnbgc.com,notreg,F,F,F
www.nbgeneva.com,redir2alive,T,T,T
www.pmsb.com,parked-ads,F,F,T
www.ibcp.com,dead,F,T,T
www.fnbcos.com,notreg,F,F,F
www.alatrust.com,dead,F,T,T
www.fnbbellaire.com,reuse,F,F,T
www.evergreeninternationalbank.com,dead,T,F,T
www.uniontrust.com,dead,F,T,T
www.asbebank.com,notreg,F,F,F
www.edmondbank.com,redir2alive,T,T,T
www.luzobank.com,notreg,F,F,F
www.hcbia.com,notreg,F,F,F
www.islandscommunitybank.com,bank,F,F,T
www.usbankfa.com,notreg,F,F,F
www.thehomebank.com,redir2alive,T,T,T
www.rutherfordbank.com,parked,F,F,T
www.fnbsaintjo.com,notreg,F,F,F
www.bankatlantic.com,redir2alive,T,T,T
www.citizensnatbank.com,dead,F,T,T
www.bankofthehills.com,notreg,F,F,F
www.centura.com,dead,F,F,T
www.cloverleafbank.com,parked-ads,F,F,T
www.mttroybank.com,notreg,F,F,F
www.providencebankfla.com,notreg,F,F,F
www.sbtfirst.com,parked-ads,F,F,T
www.bankofastoria.com,bank,F,F,T
www.cbtbankea.com,dead,F,T,T
www.falmouthbank.com,parked-ads,F,F,T
www.smithfieldstatebank.com,notreg,F,F,F
www.fsbnj.com,dead,F,F,T
www.combanc.com,dead,F,F,T
www.atsbnk.com,bank-interstitial,F,F,T
www.obb.com,redir2alive,T,T,T
www.gab.com,reuse,F,F,T
www.midcitybank.com,dead,F,F,T
www.graystonebank.com,dead,F,T,T
www.csbanks.com,dead,T,F,T
www.brickwellbank.com,bank,F,F,T
www.premiercommunitybankswfl.com,dead,F,F,T
www.heritagebk.com,redir2alive,F,T,T
www.c1bank.com,bank,F,F,T
www.jhblackburn@se-tel.com,notreg,F,F,F
www.firesidebank.com,dead,F,F,T
www.arrowheadcommunitybank.com,dead,F,F,T
www.clearcreeknationalbank.com,bank,F,F,T
www.westernbankofcheyenne.com,reuse,F,F,T
www.apbank.com,dead,F,F,T
www.town-countrybank.com,parked-ads,F,F,T
www.csaving.com,dead,F,F,T
www.unitedkentuckybank.com,dead,F,F,T
www.pbva.com,dead,F,T,T
www.cedarsbank.com,parked,F,F,T
www.bankoflouisa.com,reuse,F,F,T
www.asianamericanbank.com,parked-ads,F,F,T
www.banksanjuans.com,bank,F,F,T
www.oaklandstatebank.com,reuse,F,F,T
www.valleybankjordan.com,notreg,F,F,F
www.marshall-bank.com,reuse,F,F,T
www.bankofsouthernmd.com,notreg,F,F,F
www.glsb.com,dead,F,T,T
www.continentalbankonline.com,notreg,F,F,F
www.unionnational.com,parked-ads,F,F,T
www.northlandnationalbank.com,bank,F,F,T
www.farmers-merchantsbank.com,reuse,F,F,T
www.copperstarbank.com,parked-ads,F,F,T
www.franklinbanknj.com,dead,F,F,T
www.gotoguaranty.com,redir2alive,T,T,T
www.mycommunityplus.net,dead,F,F,T
www.desertcommunity.com,dead,F,F,T
www.burnettsbank.com,dead,F,F,T
www.chestateestatebank.com,parked-ads,F,F,T
www.fsbnora.com,parked-ads,F,F,T
www.fnbbh.com,reuse,F,F,T
www.royalpalmbank.com,bank-interstitial,F,F,T
www.1ststatebanknc.com,bank,T,T,T
www.cbtwga.com,bank,F,F,T
www.oldestbank.com,notreg,F,F,F
www.capefearbank.com,bank,F,F,T
www.cbc-tn.com,bank,F,F,T
www.foundersbank.com,parked-ads,F,F,T
www.lakewoodbank.com,parked-ads,F,F,T
www.bankofwestminster.com,parked-ads,F,F,T
www.bluehealthcarebank.com,dead,F,F,T
www.mercantileeasternshorebank.com,dead,F,T,T
www.peopleshomesavings.com,notreg,F,F,F
www.wbpr.com,dead,F,F,T
www.centennialbankonline.com,dead,F,F,T
www.paramountbank.com,dead,F,F,T
www.goldcanyonbank.com,bank,T,F,T
www.peoplessb.com,parked-ads,F,F,T
www.wellsvillebank.com,dead,F,F,T
www.acuitybank.com,parked-ads,F,F,T
www.susqbkmd.com,parked-ads,F,F,T
www.unionsafe.com,dead,T,F,T
www.bankcamden.com,dead,F,F,T
www.cupnb.com,dead,F,F,T
www.sladesbank.com,notreg,F,F,F
www.affiliatedbanks.com,bank,T,F,T
www.anbfinancial.com,dead,F,F,T
www.bfsb.com,dead,F,F,T
www.fibtx.com,parked-ads,F,F,T
www.rbcommbank.com,parked-ads,F,F,T
www.1stregentsbank.com,bank-interstitial,T,F,T
www.newcommercebank.com,malware,F,F,T
www.tbotdevine.com,dead,F,T,T
www.citrusbank.com,dead,F,F,T
www.frontierbank.net,bank,F,F,T
www.klamathfirst.com,reuse,F,F,T
www.bankofbolivar.com,redir2alive,F,T,T
www.albionnationalbank.com,notreg,F,F,F
www.lasallebanks.com,dead,F,F,T
www.firstheritagebank.com,parked,F,F,T
www.scbandt.com,bank,T,F,T
www.fnbstmarys.com,dead,F,F,T
www.gatewaybankstl.com,notreg,F,F,F
www.premiercbank.com,reuse,F,F,T
www.citadelbank.com,parked-ads,F,F,T
www.pcbsofl.com,notreg,F,F,F
www.maximbank.com,parked-ads,F,F,T
www.wamu.com,redir2alive,F,T,T
www.thenashuabank.com,bank,F,F,T
www.ubtbank.com,dead,F,F,T
www.firststarbank.com,dead,T,F,T
www.securitystatebank.com,parked-ads,F,F,T
www.cnbkansas.com,bank,F,F,T
www.westpointebank.com,redir2alive,F,T,T
www.parkvale.com,dead,F,T,T
www.fnbtr.com,dead,F,F,T
www.fsbbangor.com,notreg,F,F,F
www.myintegritybank.com,dead,F,F,T
www.pobank.com,parked-ads,F,F,T
www.banktaz.com,notreg,F,F,F
www.silverfallsbank.com,parked-ads,F,F,T
www.enterprisenational.com,parked-ads,F,F,T
www.gardencitystatebank.com,dead,F,F,T
www.fcb-hsv.com,dead,F,T,T
www.newcenturybk.com,parked,F,F,T
www.atlanticsouthernbank.com,dead,F,T,T
www.firstbanktexas.com,dead,F,T,T
www.thunderbank.com,dead,F,F,T
www.spiritbank.net,parked-ads,F,F,T
www.firstlibertynational.com,reuse,F,F,T
www.ncbnv.com,dead,F,F,T
www.ussbia.com,dead,F,F,T
www.msbk.com,reuse,F,F,T
www.ada-bank.com,notreg,F,F,F
www.bbtcorp.com,dead,F,F,T
www.pcbtellcity.com,notreg,F,F,F
www.ustrust.com,bank,F,F,T
www.bankmadera.com,reuse,F,F,T
www.bankcapecoral.com,bank,F,F,T
www.sequoiabank.com,parked-ads,F,F,T
www.farmersbank.com,parked-ads,F,F,T
www.e-fmbank.com,redir2alive,F,T,T
www.heritagebanc.com,dead,F,F,T
www.bankofnaples.com,parked-ads,F,F,T
www.bonfl.com,notreg,F,F,F
www.fairbankstatebank.com,parked-ads,F,F,T
www.blackearthsb.com,parked-ads,F,F,T
www.jamestownsavingsbank.com,dead,T,F,T
www.heritagebankfl.com,redir2alive,T,T,T
www.bankridgeway.com,notreg,F,F,F
www.vcbank.net,dead,F,T,T
www.elmirabank.com,parked-ads,F,F,T
www.lbony.com,parked-ads,F,F,T
www.gscb.com,dead,F,F,T
www.securitynat.com,parked,F,F,T
www.premierwestbank.com,bank,T,F,T
www.fnbonline.com,parked-ads,F,F,T
www.mercantilepotomacbank.com,redir2alive,F,T,T
www.lawlerbk.com,dead,F,T,T
www.myfsb.net,dead,F,F,T
www.ffbtwinvalley.com,bank,T,F,T
www.halifaxnational.com,bank,F,F,T
www.csbmoney.com,dead,F,T,T
www.sterlingsouth.com,reuse,F,F,T
www.gatewaybank.com,reuse,F,F,T
www.fsblamoure.com,notreg,F,F,F
www.cnbweb.com,redir2alive,F,T,T
www.citizensstatebankcsb.com,redir2alive,F,T,T
www.mlbk.com,parked-ads,F,F,T
www.westbankonline.com,parked-ads,F,F,T
www.securitystatebanknd.com,dead,F,T,T
www.acbanks.net,parked,F,F,T
www.valleyridge.com,redir2alive,T,T,T
www.fhbankna.com,dead,F,F,T
www.communitybankplymouth.com,parked-ads,F,F,T
www.tnbmadisonville.com,notreg,F,F,F
www.mellon.com,dead,F,F,T
www.myatlanticbank.com,dead,F,T,T
www.1stsavingsbank.com,bank,F,F,T
www.cumberlandbank.com,redir2alive,T,T,T
www.wilsonstatebank.com,parked-ads,F,F,T
www.hebervalleybank.com,redir2alive,F,T,T
www.southernfinancialbank.com,notreg,F,F,F
www.statebankviroqua.com,dead,F,T,T
www.glbonline.com,parked-ads,F,F,T
www.american-state-bank.com,reuse,F,F,T
www.directmerchantsbank.com,bank,F,F,T
www.probizbank.com,bank,F,F,T
www.firstcowetabank.com,dead,F,F,T
www.fnbhawley.com,bank,T,F,T
www.firstforareason.com,parked-ads,F,F,T
www.firstcentralbank.biz,reuse,F,F,T
www.ibankaustin.com,dead,F,T,T
www.bankofrockbridge.com,notreg,F,F,F
www.netbank.com,bank,F,F,T
www.marshallsavings.com,parked-ads,F,F,T
www.harborfederal.com,dead,F,F,T
www.millenniumbank.net,dead,F,F,T
www.metropolitanbank.com,bank-interstitial,F,F,T
www.tibom.com,dead,F,T,T
www.stonecitybank.com,redir2alive,F,T,T
www.uncb.com,dead,F,T,T
www.wfib.com,dead,F,T,T
www.fnbvalentine.com,dead,F,F,T
www.fnbfriend.com,dead,F,T,T
www.unionok.com,dead,F,T,T
www.venture-bank.com,parked-ads,F,F,T
www.mineolabank.com,dead,F,F,T
www.fsbmsla.com,bank,F,F,T
www.amsouth.com,dead,F,F,T
www.signaturebankkc.com,redir2alive,T,T,T
www.canyonnational.com,dead,F,T,T
www.farmersnatl.com,dead,F,F,T
www.miltonsavingsbank.net,parked-ads,F,F,T
www.columbianbank.com,dead,F,F,T
www.westernbt.com,notreg,F,F,F
www.legacybankna.com,parked-ads,F,F,T
www.ibankwaukegan.com,redir2alive,F,T,T
www.citnatbk.com,parked-ads,F,F,T
www.ironandglassbank.com,parked-ads,F,F,T
www.hampshirefirst.com,bank,F,F,T
www.bankwithhb.com,notreg,F,F,F
www.thebankyourbank.com,dead,F,F,T
www.commercialbankfl.com,parked,F,F,T
www.hastingsstatebank.com,redir2alive,F,T,T
www.castlebank.biz,parked-ads,F,F,T
www.midamericabank.com,dead,F,F,T
www.bankofariz.com,dead,F,F,T
www.farmersbanklynchburgtn.com,dead,F,F,T
www.bankhale.com,dead,F,F,T
www.fnbcenterville.com,dead,F,F,T
www.shercobank.com,parked-ads,F,F,T
www.integritybankfl.com,parked-ads,F,F,T
www.fcb-keokuk.com,dead,F,F,T
www.fnbidabel.com,dead,F,F,T
www.fmbanks.com,dead,F,T,T
www.ascenciabank.com,bank,T,F,T
www.bankevansville.com,dead,F,T,T
www.allbank.com,parked-ads,F,F,T
www.usbmonona.com,notreg,F,F,F
www.mountainbank.net,dead,F,F,T
www.palmerbank.com,dead,F,F,T
www.fsbj.com,redir2alive,F,T,T
www.firstfedpekin.com,dead,F,F,T
www.hblsbank.com,dead,F,F,T
www.tambank.com,dead,F,T,T
www.communitybankoffice.com,redir2alive,T,T,T
www.eastprospectbank.com,dead,F,F,T
www.shelbycountybank.com,redir2alive,F,T,T
www.firstcommercebank.com,parked-ads,F,F,T
www.selectbank.com,redir2alive,T,T,T
www.boonenb.com,parked-ads,F,F,T
www.valleybank.net,dead,F,T,T
www.coquinabank.com,dead,F,F,T
www.americansterling.com,parked,F,F,T
www.csbbanking.com,dead,F,T,T
www.sjbank.com,bank,F,F,T
www.cardinalstatebank.com,bank,F,F,T
www.hillcrestbankfl.com,notreg,F,F,F
www.verdugobanking.com,notreg,F,F,F
www.fsb-vinton.com,bank,F,F,T
www.lenoxbankonline.com,notreg,F,F,F
www.coastcommercialbank.com,redir2alive,F,T,T
www.commercialbank.com,reuse,F,F,T
www.fnbstuttgart.com,parked-ads,F,F,T
www.hawthornesavings.com,parked-ads,F,F,T
www.first-western-bank.com,parked-ads,F,F,T
www.fabpa.com,notreg,F,F,F
www.fnbsr.com,reuse,F,F,T
www.pcbonline.net,parked,F,F,T
www.beachbank.com,dead,T,F,T
www.bankofdurango.com,dead,F,F,T
www.wilberbank.com,reuse,F,F,T
www.hamptonsbank.com,parked-ads,F,F,T
www.emmetcountystatebank.com,parked-ads,T,F,T
www.unitedtrust.com,redir2alive,F,T,T
www.chinookmontana.com,bank,F,F,T
www.columbiatrustbank.com,dead,F,F,T
www.communitybanks.com,parked-ads,F,F,T
www.paragonbank.com,bank,F,F,T
www.snbwichita.com,parked-ads,F,F,T
www.cnbgreeley.com,dead,T,F,T
www.bayareabank.com,redir2alive,F,T,T
www.ffbankky.com,bank,F,F,T
www.bankofchoiceonline.com,dead,F,F,T
www.fsbnt.com,parked-ads,F,F,T
www.haciendabank.com,parked-ads,F,F,T
www.floridasavingsbank.com,parked-ads,F,F,T
www.grandhavenbank.com,dead,F,T,T
www.fnbanksc.com,dead,F,F,T
www.logancountybank.com,redir2alive,T,T,T
www.communitytrustbank.com,parked-ads,F,F,T
www.firstwesternbank.com,redir2alive,F,T,T
www.fullertoncb.com,dead,F,T,T
www.calnationalbank.com,dead,F,F,T
www.fnbccb.com,parked-ads,F,F,T
www.vikingstatebank.com,bank,F,F,T
www.1sb.com,parked,F,F,T
www.georgestatebank.com,notreg,F,F,F
www.transatlanticbank.com,dead,F,T,T
www.harboursidebank.com,dead,F,T,T
www.firstindiana.com,notreg,F,F,F
www.americantrustbank.com,bank,T,F,T
www.northhoustonbank.com,dead,F,T,T
www.cnbsara.com,parked-ads,F,F,T
www.the-exchange-bank.com,dead,F,F,T
www.westminsterunionbank.com,dead,F,T,T
www.fnbanks.com,redir2alive,T,T,T
www.ntrs.com,bank,F,F,T
www.sunrisecommunitybank.com,bank,F,F,T
www.pffbank.com,dead,F,F,T
www.firstlnb.com,dead,F,T,T
www.hometownebank.com,bank,F,F,T
www.nationalbankfredericksburg.com,dead,F,T,T
www.bnkusa.com,parked-ads,F,F,T
www.fnbns.com,parked-ads,F,F,T
www.midcarolinabank.com,parked-ads,F,F,T
www.1stcitizens.com,bank,F,F,T
www.sbmct.com,reuse,F,F,T
www.tcbat.com,bank,F,F,T
www.heritagemontana.com,parked-ads,F,F,T
www.pekinsavings.com,dead,F,F,T
www.plazabank.com,bank,T,F,T
www.alliant-bank.com,notreg,F,F,F
www.mdbank.com,dead,F,F,T
www.whitneybank.com,bank,F,F,T
www.firstbankfarmersville.com,dead,F,T,T
www.kbc123.com,parked-ads,F,F,T
www.communitybankofdupage.com,bank,F,F,T
www.talbots.com,reuse,F,F,T
www.fcb1.com,dead,F,F,T
www.madisonvillestatebank.com,dead,F,F,T
www.sentrybankandtrust.com,parked-ads,F,F,T
www.cnbakron.com,notreg,F,F,F
www.cbt-alabama.com,dead,F,T,T
www.nationalbanksc.com,bank,F,F,T
www.myalphabank.com,dead,F,F,T
www.1stkensington.com,parked-ads,F,F,T
www.thebankofbonifay.com,dead,F,T,T
www.oldsouthernbank.com,parked,F,F,T
www.southwestusabank.com,parked-ads,F,F,T
www.cnbnb.com,dead,F,F,T
www.northsidestatebank.com,bank,F,F,T
www.prudential.com,bank,F,F,T
www.oaklawnbank.com,parked-ads,F,F,T
www.fnbnonline.com,dead,F,F,T
www.oaklandbank.com,bank-interstitial,F,F,T
www.cbobanker.com,bank,T,F,T
www.fmsbwayne.com,dead,F,T,T
www.emprise-hays.com,reuse,F,F,T
www.fbdel.com,bank-interstitial,T,F,T
www.fnbluv.com,notreg,F,F,F
www.farmersstatebank-in.com,notreg,F,F,F
www.shenandoahvnb.com,notreg,F,F,F
www.placersierrabank.com,dead,F,F,T
www.firstga.com,dead,F,F,T
www.witheebank.com,bank,F,F,T
www.cartercountybank.com,bank,F,F,T
www.citizensfirst-rome.com,dead,F,T,T
www.prpnb.com,parked-ads,F,F,T
www.fsblakebenton.com,bank,F,F,T
www.fnbschuyler.com,reuse,F,F,T
www.unbla.com,dead,T,F,T
www.ffbky.com,redir2alive,F,T,T
www.mercantilecountybank.com,dead,F,T,T
www.parkavenuebank.com,dead,F,T,T
www.firstteambank.com,notreg,F,F,F
www.bankofmtnview.com,parked,F,F,T
www.monroebank.com,dead,F,T,T
www.1800fremont.com,reuse,F,F,T
www.csbmt.com,bank,F,F,T
www.banktrustfl.net,dead,F,T,T
www.firstcommbank.com,parked-ads,F,F,T
www.gbtcalhoun.com,dead,F,T,T
www.heritageiowa.com,dead,F,T,T
www.thepalmbank.com,bank,F,F,T
www.csboak.com,bank,T,F,T
www.deepgreenbank.com,parked-ads,F,F,T
www.ffb-eastland.com,bank,F,F,T
www.farleystatebank.com,dead,F,F,T
www.firstabilene.com,parked,F,F,T
www.dwellinghouse.com,parked-ads,F,F,T
www.bankannapolis.com,redir2alive,F,T,T
www.first-fidelity.com,redir2alive,T,T,T
www.williamstownsavings.com,bank,F,F,T
www.scnbanks.com,parked,F,F,T
www.bankofyellville.com,redir2alive,T,T,T
www.bankofasheville.com,bank,F,F,T
www.indianalawrence.com,dead,F,F,T
www.fsbb.com,redir2alive,T,T,T
www.prairiebank.com,parked-ads,F,F,T
www.paoniastatebank.com,bank,F,F,T
www.northwestbank.net,dead,F,T,T
www.fnbk.com,bank,F,F,T
www.northpennbank.com,bank,F,F,T
www.commerceonline.com,parked-ads,F,F,T
www.westsoundbank.com,dead,F,F,T
www.lakecommunitybank.com,parked-ads,F,F,T
www.lonestartexas.com,parked-ads,F,F,T
www.tremontsavings.com,parked-ads,F,F,T
www.elkhartbank.com,dead,F,T,T
www.americanunitedbank.biz,bank,F,F,T
www.cypress-bank.com,dead,F,F,T
www.ridgedalestatebank.com,notreg,F,F,F
www.bankplace.com,dead,F,T,T
www.nestatebank.com,bank,F,F,T
www.bramblesavings.com,parked-ads,F,F,T
www.allegiancebank.com,bank,F,F,T
www.woronoco.com,parked-ads,F,F,T
www.mnbny.com,redir2alive,T,T,T
www.greatbankna.com,dead,F,F,T
www.bankofminto.com,dead,F,T,T
www.peoplesfederalsavings.com,parked-ads,F,F,T
www.1stcommercialbank.com,dead,T,F,T
www.bankofelmwood.com,parked-ads,F,F,T
www.citynationalbank.com,dead,F,T,T
www.communitybankal.com,parked-ads,F,F,T
www.sunfirstbank.com,dead,F,T,T
www.fnbeo.com,parked-ads,F,F,T
www.compassbank.com,redir2alive,T,T,T
www.1stdecatur.com,parked-ads,F,F,T
www.detroitcommerce.com,dead,F,T,T
www.commnatlbank.com,redir2alive,T,T,T
www.stmichaelsbankmd.com,notreg,F,F,F
www.csblib.com,dead,F,F,T
www.unitedcommunity.com,redir2alive,T,T,T
www.summitfsb.com,parked-ads,F,F,T
www.citizenshomebank.com,notreg,F,F,F
www.boardwalkbank.com,dead,F,F,T
www.deserthillsbank.com,dead,F,T,T
www.bradfordbank.net,dead,F,T,T
www.libertybankfl.com,dead,F,F,T
www.fnbglenrose.com,dead,T,F,T
www.fstunitedbank.com,notreg,F,F,F
www.statebankofcaledonia.com,notreg,F,F,F
www.advantagebanknj.com,parked-ads,F,F,T
www.aubt.com,dead,F,T,T
www.blackmountaincommunitybank.com,dead,F,F,T
www.hcb-in.com,bank,T,F,T
www.dcbank.com,redir2alive,T,T,T
www.enbebank.com,dead,F,F,T
www.mcnbank.com,notreg,F,F,F
www.jasperbanking.com,redir2alive,T,T,T
www.frionastatebank.com,bank,F,F,T
www.citystatebankonline.com,notreg,F,F,F
www.globehomestead.com,reuse,F,F,T
www.fsbcelina.com,dead,T,F,T
www.yosemitebank.com,redir2alive,F,T,T
www.theclevelandbank.com,bank-interstitial,F,F,T
www.peoplesbankofelkton.com,dead,F,F,T
www.marcocommunitybank.com,dead,F,T,T
www.communitycapitalbank.com,dead,T,F,T
www.fnbdanville.com,dead,F,F,T
www.encinostatebank.net,notreg,F,F,F
www.futurusbank.com,notreg,F,F,F
www.americansouthernbank.com,parked-ads,F,F,T
www.pointlomabank.com,bank,F,F,T
www.cornerstone-online.com,parked-ads,F,F,T
www.mountainstatebank.com,parked-ads,F,F,T
www.mercantilepeninsulabank.com,dead,F,T,T
www.soundfed.com,parked-ads,F,F,T
www.capitalbank.com,bank,F,F,T
www.centurybankohio.com,parked-ads,F,F,T
www.charterco.com,parked-ads,F,F,T
www.sbtcompany.com,bank,F,F,T
www.farwestbank.com,bank,T,F,T
www.psbbanking.com,dead,T,F,T
www.fmbankeasternshore.com,notreg,F,F,F
www.ssbsheldoniowa.com,dead,F,F,T
www.humboldtbank.com,bank-interstitial,T,F,T
www.friendlybremenbank.com,bank,F,F,T
www.canaanbank.com,notreg,F,F,F
www.superiorfederal.com,parked-ads,F,F,T
www.athensfirstbank.com,dead,F,T,T
www.firstbartlesville.com,notreg,F,F,F
www.chicagocommunitybank.com,bank,F,F,T
www.strategiccap.com,bank,F,F,T
www.chartbank.net,notreg,F,F,F
www.commercenationalbank.com,dead,F,T,T
www.guardianlife.com,bank,F,F,T
www.warrenbank.net,parked-ads,F,F,T
www.1stindependence.com,dead,F,T,T
www.stedmondsfsb.com,bank,F,F,T
www.1stfederal.com,parked-ads,F,F,T
www.quakercitybank.com,parked-ads,F,F,T
www.pinedalebank.com,dead,F,T,T
www.dakotaheritage.com,bank,T,F,T
www.foxborobank.com,parked-ads,F,F,T
www.hfsbank.com,dead,F,T,T
www.greatamericanfederal.com,parked-ads,F,F,T
www.sonomavalleybank.com,dead,F,T,T
www.granitecb.com,dead,F,T,T
www.cibbank.com,bank,F,F,T
www.saltlickdepositbank.com,redir2alive,F,T,T
www.coastalfederal.com,dead,F,F,T
www.fnbforsyth.com,dead,F,F,T
www.firstheritage.net,parked-ads,F,F,T
www.firstbankofoakpark.com,parked-ads,F,F,T
www.fn-bank.net,parked-ads,F,F,T
www.sonoranbank.com,bank,F,F,T
www.sheltonbank.com,dead,F,F,T
www.csbil.com,reuse,F,F,T
www.tcbtexas.com,dead,F,T,T
www.fsbtabor.com,bank,F,F,T
www.sunamericanbank.com,dead,F,F,T
www.factorypoint.com,parked-ads,F,F,T
www.fcbtampa.com,dead,F,F,T
www.terraaltabank.com,notreg,F,F,F
www.gallupfed.com,reuse,F,F,T
www.sjcb.com,redir2alive,F,T,T
www.mysouthwestbank.com,bank,F,F,T
www.cascadebank.com,dead,F,T,T
www.northernnationalbank.com,dead,F,T,T
www.sbtrust.com,bank,F,F,T
www.firstchoicecommunitybank.com,dead,F,T,T
www.shelbyfnb.com,notreg,F,F,F
www.evergreenstatebank.com,dead,F,F,T
www.peoplesbankga.net,parked-ads,F,F,T
www.piercebank.com,dead,F,F,T
www.1stsavings.net,dead,F,F,T
www.cfbonline.com,parked-ads,F,F,T
www.fnbankviroqua.com,notreg,F,F,F
www.fnbcf.com,parked-ads,F,F,T
www.arkansasdiamondbank.com,bank-interstitial,T,F,T
www.ffbnf.com,dead,F,F,T
www.pbcbonline.com,dead,F,F,T
www.buckheadcommunitybank.com,dead,F,T,T
www.tiftonbankingcompany.com,bank,F,F,T
www.platinumbank.net,dead,F,F,T
www.fnbtsyr.com,dead,F,F,T
www.securitynationalbank.com,bank,F,F,T
www.uhb-fl.com,bank,F,F,T
www.firststate-texas.com,redir2alive,T,T,T
www.integrabank.com,dead,F,T,T
www.newmilbank.com,parked-ads,F,F,T
www.firstamericanbankfl.com,bank,T,F,T
www.fbwhite.com,dead,F,F,T
www.hudsonunitedbank.com,dead,F,F,T
www.sapelonational.com,notreg,F,F,F
www.fnbpinecity.com,parked-ads,F,F,T
www.midwestonebank.com,redir2alive,F,T,T
www.southerncommunitybank.com,dead,F,F,T
www.greatbasinbank.com,dead,F,T,T
www.mbtx.com,redir2alive,F,T,T
www.mainebank.com,bank,F,F,T
www.fnbmillstadt.com,parked-ads,F,F,T
www.fnblincoln.com,notreg,F,F,F
www.localok.com,dead,F,F,T
www.fboj.net,bank-interstitial,F,F,T
www.eshorelinebank.com,dead,F,F,T
www.fgbjax.com,bank,F,F,T
www.unitednebank.com,parked-ads,F,F,T
www.citizensbanking.com,bank,T,F,T
www.csbcentralfl.com,dead,F,T,T
www.communitynatbank.com,parked-ads,F,F,T
www.fnb-hope.com,parked-ads,F,F,T
www.banksouth.com,bank,T,F,T
www.firstnational-online.com,parked-ads,F,F,T
www.peotonebank.com,bank,F,F,T
www.bullittcountybank.com,dead,F,F,T
www.bankofwestport.com,notreg,F,F,F
www.bankofgreensburg.com,bank,F,F,T
www.leedsfsb.com,parked-ads,F,F,T
www.wvsb.com,parked-ads,F,F,T
www.bankofjp.com,dead,F,F,T
www.fnbmidcities.com,bank,T,F,T
www.bankmalden.com,bank,T,F,T
www.wastatebank.com,reuse,F,F,T
www.esunbank.com,dead,T,F,T
www.twinlakesbank.com,notreg,F,F,F
www.gwbt.com,redir2alive,T,T,T
www.mesabankers.com,dead,F,F,T
www.troystatebank.com,bank,F,F,T
www.citizensstatebank.net,redir2alive,F,T,T
www.consolidatedbank.com,parked-ads,F,F,T
www.coastalbankofga.com,dead,F,T,T
www.firstamericanbankfab.com,redir2alive,F,T,T
www.metrobankonline.com,dead,T,T,T
www.foresthillbank.com,parked-ads,F,F,T
www.okawbank.com,notreg,F,F,F
www.firststatefl.com,dead,F,T,T
www.panasiabank.com,dead,F,F,T
www.lincolntrust.com,parked-ads,F,F,T
www.skibofin.com,reuse,F,F,T
www.ocnb.com,parked-ads,F,F,T
www.chevychasebank.com,dead,F,T,T
www.fnbwestmetro.com,notreg,F,F,F
www.farmersbankseymour.com,bank,F,F,T
www.napacommunitybank.com,dead,F,T,T
www.benfranklinbank.com,dead,F,F,T
www.pellabank.com,dead,F,F,T
www.ubaz.com,dead,F,F,T
www.brightoncommerce.com,dead,F,T,T
www.centerbankjax.com,dead,F,T,T
www.thebank-eb.com,notreg,F,F,F
www.fsbredbud.com,dead,F,T,T
www.1nbank.com,dead,F,T,T
www.cigna.com,bank,F,F,T
www.riggsbank.com,redir2alive,F,T,T
www.fsbgranger.com,parked-ads,F,F,T
www.tristonebank.com,dead,F,T,T
www.woodlandsbanking.com,notreg,F,F,F
www.firstierbankonline.com,notreg,F,F,F
www.parkmidwaybank.com,bank,T,F,T
www.fnbcedarfalls.com,bank,T,F,T
www.bank-trust.com,dead,F,F,T
www.premierbank.us,dead,F,F,T
www.hemlockbank.com,parked-ads,F,F,T
www.apartnersbank.com,parked-ads,F,F,T
www.talstatebank.com,dead,F,T,T
www.greenpoint.com,dead,F,F,T
www.senatorbank.com,notreg,F,F,F
www.northwest-bank.com,bank,T,F,T
www.pcbgulfcoast.com,notreg,F,F,F
www.fsbalex.com,parked-ads,F,F,T
www.gmacbank.com,dead,F,T,T
www.lincolnbank.biz,notreg,F,F,F
www.kfs-bank.com,reuse,F,F,T
www.patriotstatebank.com,redir2alive,T,T,T
www.bankhere.net,parked-ads,F,F,T
www.arapahoebankandtrust.com,notreg,F,F,F
www.lincbank.com,parked-ads,F,F,T
www.northgabank.com,bank-interstitial,F,F,T
www.signaturebkfl.com,dead,F,F,T
www.lnbnationalbank.com,dead,T,F,T
www.frnb.com,parked-ads,F,F,T
www.statebankcokato.com,bank,F,F,T
www.romesavings.com,dead,F,T,T
www.firstgaston.com,dead,T,F,T
www.bankofparagould.com,dead,T,F,T
www.encorebank.com,bank,F,F,T
www.shoshonefirstbank.com,dead,F,T,T
www.allairebank.com,dead,F,F,T
www.firstbankbr.com,parked-ads,F,F,T
www.bankpnb.com,dead,F,F,T
www.palosbank.com,bank,F,F,T
www.polkcountybank.com,dead,F,T,T
www.lnbky.com,dead,F,F,T
www.cbtbank.com,dead,F,T,T
www.alabamaexchangebank.com,dead,F,F,T
www.bankcitizens.com,dead,F,F,T
www.rantoulfirst.com,parked-ads,F,F,T
www.cygnetprivatebank.com,dead,F,T,T
www.farmtrader.org,dead,F,T,T
www.cavb.com,redir2alive,F,T,T
www.millscountybank.com,notreg,F,F,F
www.benchmarkbanks.com,parked-ads,F,F,T
www.lospadresbank.com,dead,F,F,T
www.inthebank.com,parked-ads,F,F,T
www.bank1stalbuquerque.com,dead,T,F,T
www.marshallnationalbank.com,dead,F,T,T
www.harrisondepositbank.com,bank,T,F,T
www.westbridgebank.com,parked-ads,F,F,T
www.lyndonbank.com,parked-ads,F,F,T
www.1stunitedbank.com,bank,F,F,T
www.portagecommerce.com,dead,F,T,T
www.providentbank.com,dead,F,F,T
www.greenriverbank.com,redir2alive,F,T,T
www.communitybank.com,bank,T,F,T
www.troysavingsbank.com,parked-ads,F,F,T
www.earthstarbank.com,parked-ads,F,F,T
www.bankhaven.com,parked-ads,F,F,T
www.legacybankaz.com,dead,F,F,T
www.parkstate.com,parked-ads,F,F,T
www.eastcoastcommunitybank.com,dead,F,F,T
www.communitycentralbank.com,dead,F,T,T
www.trustbanc.com,parked,F,F,T
www.jacksonfederal.com,redir2alive,F,T,T
www.westsidecommunitybank.com,redir2alive,T,T,T
www.c-f-b.com,dead,F,T,T
www.fortleebank.com,parked-ads,F,F,T
www.firstplacebank.net,redir2alive,T,T,T
www.sdcb.com,parked-ads,F,F,T
www.peakbank.com,parked-ads,F,F,T
www.firstvirginia.com,redir2alive,T,T,T
www.communityfirst.com,parked-ads,F,F,T
www.waypointbank.com,dead,F,F,T
www.fmbimperial.com,parked,F,F,T
www.laurelsb.com,parked-ads,F,F,T
www.peoplesbankmd.com,notreg,F,F,F
www.diablobank.com,redir2alive,F,T,T
www.gothambankny.com,redir2alive,T,T,T
www.securitystate.com,bank,T,F,T
www.seasonsbank.com,parked-ads,F,F,T
www.fcbga.com,parked-ads,F,F,T
www.cbnj.com,dead,T,F,T
www.rowanbank.com,dead,F,F,T
www.fmbcartercounty.com,bank,F,F,T
www.baysidebank.com,parked-ads,F,F,T
www.aifusa.com,parked-ads,F,F,T
www.tieronebank.com,dead,F,T,T
www.tcbgeneva.com,redir2alive,F,T,T
www.christianabank.com,bank,F,F,T
www.citybankwa.com,parked-ads,F,F,T
www.jamesmonroebank.com,redir2alive,F,T,T
www.caloaks.com,bank,F,F,T
www.chambersbnk.com,bank,F,F,T
www.firstsouthernbk.com,dead,F,F,T
www.excelbankmo.com,redir2alive,T,T,T
www.fallsbank.com,parked-ads,F,F,T
www.nstarbank.com,dead,T,F,T
www.heritageonline.com,dead,F,F,T
www.brownsvilledeposit.com,redir2alive,F,T,T
www.americanmarinebank.com,dead,F,T,T
www.marylandpermanent.com,notreg,F,F,F
www.sumternational.com,parked-ads,F,F,T
www.miheritage.com,parked-ads,F,F,T
www.statefinancialbank.com,parked-ads,F,F,T
www.dcsbank.com,notreg,F,F,F
www.fnbspringdale.com,notreg,F,F,F
www.lonesummit.com,redir2alive,T,T,T
www.southtrust.com,dead,F,F,T
www.1stfederalbank.com,bank,F,F,T
www.morebankusa.com,bank,F,F,T
www.bop-ks.com,dead,F,F,T
www.pioneerbankonline.com,redir2alive,T,T,T
www.alliancebr.com,dead,F,F,T
www.eastpennbank.com,dead,F,F,T
www.service1stnevada.com,redir2alive,T,T,T
www.superiorbank.com,dead,F,T,T
www.greatbank.com,dead,F,F,T
www.enterprisebankingco.com,dead,F,F,T
www.wnbexpressbank.com,notreg,F,F,F
www.securitystate-bank.com,dead,F,T,T
www.fleet.com,redir2alive,F,T,T
www.peninsulabank.com,bank,F,F,T
www.midamericanbank.com,parked-ads,F,F,T
www.bankahb.com,dead,F,F,T
www.firstsignature.com,dead,F,F,T
www.riversidegc.com,dead,F,F,T
www.firstfederaliowa.com,dead,F,F,T
www.fnbdirect.com,parked-ads,F,F,T
www.1stcommbank.com,malware,F,F,T
www.advancefinancial.com,dead,F,F,T
www.bankonglobal.com,parked-ads,F,F,T
www.madisonbank.com,parked-ads,F,F,T
www.bankofnv.com,dead,T,F,T
www.solutionsbank.com,dead,F,T,T
www.bankanderson.com,dead,F,F,T
www.cbwg.us,notreg,F,F,F
www.rmbgo.com,bank,F,F,T
www.heraldnb.com,bank-interstitial,F,F,T
www.citizensbanknc.com,parked-ads,F,F,T
www.nationalcity.com,redir2alive,F,T,T
www.osagefed.com,bank,F,F,T
www.bankofamador.com,redir2alive,T,T,T
www.adelbanking.com,bank-interstitial,F,F,T
www.redrockcommunity.com,dead,F,F,T
www.interbank-ny.com,dead,F,F,T
www.1stpeoplesbank.com,bank,F,F,T
www.goldenpraguefsl.net,notreg,F,F,F
www.lumpkincountybank.com,reuse,F,F,T
www.bankofpetaluma.com,redir2alive,F,T,T
www.equitablebankfla.com,dead,F,T,T
www.firstarizona.com,parked-ads,F,F,T
www.fnbgwinnett.com,notreg,F,F,F
www.montgomerybt.com,bank,F,F,T
www.cantonstate.com,dead,F,F,T
www.natickfederal.com,bank,T,F,T
www.citizensstatebankonline.com,parked-ads,F,F,T
www.altaalliancebank.com,dead,F,T,T
www.rockcommunitybank.com,redir2alive,T,T,T
www.bankofwalnutcreek.com,dead,T,F,T
www.northsidebank.com,parked-ads,F,F,T
www.pastatebank.com,redir2alive,F,T,T
www.cn-bank.com,bank-interstitial,F,F,T
www.covenantbankandtrust.com,dead,F,T,T
www.fsbavinger.com,redir2alive,T,T,T
www.psbsd.com,dead,F,F,T
www.etbbankonline.com,notreg,F,F,F
www.riverbk.com,bank-interstitial,F,F,T
www.ocwen.com,bank,F,F,T
www.citizens-merchantsbank.com,dead,F,T,T
www.academybank.com,redir2alive,F,T,T
www.partnersbankoftexas.com,dead,T,F,T
www.premierbanker.com,dead,F,F,T
www.westernbankandtrust.com,notreg,F,F,F
www.firstclermont.com,bank,T,F,T
www.salinestatebank.com,notreg,F,F,F
www.mojavedesertbank.com,redir2alive,T,T,T
www.pinehurstbank.com,reuse,F,F,T
www.bankpgh.com,notreg,F,F,F
www.securitybankna.com,dead,F,F,T
www.olathestatebank.com,reuse,F,F,T
www.greatriverbank.com,dead,F,T,T
www.nbwc.com,dead,F,F,T
www.ibcentx.com,dead,F,T,T
www.interchangebank.com,bank,F,F,T
www.pinnaclebankoregon.com,dead,F,F,T
www.stockmensbank.com,parked-ads,F,F,T
www.ymcbank.com,notreg,F,F,F
www.centurybankfl.com,dead,F,T,T
www.mycommunityfirst.com,parked-ads,F,F,T
www.nscoopbank.com,redir2alive,T,T,T
www.metrobankfl.com,parked-ads,F,F,T
www.fnbborger.com,bank,F,F,T
www.wiltonbank.com,parked-ads,T,F,T
www.onb-link.com,notreg,F,F,F
www.unitedbankks.com,bank,F,F,T
www.omnibk.com,dead,F,T,T
www.securitybankonline.com,parked-ads,F,F,T
www.patriotbank.com,parked-ads,F,F,T
www.abtstexas.com,dead,F,F,T
www.roslyn.com,dead,F,F,T
www.fnbgaylord.com,parked-ads,F,F,T
www.fnb-fnb.com,dead,F,T,T
www.somersetvalleybank.com,dead,F,F,T
www.tomorrowsbanktoday.com,bank,F,F,T
www.regencysavingsbank.com,parked-ads,F,F,T
www.gatewaybankandtrust.com,bank,F,F,T
www.ibcalifornia.com,notreg,F,F,F
www.ptcbank.com,parked-ads,F,F,T
www.ocalanationalbank.com,dead,F,F,T
www.bankthehooch.com,dead,F,F,T
www.heritagebankaz.com,redir2alive,F,T,T
www.montrosestatebank.com,dead,F,F,T
www.fcnbtc.com,reuse,F,F,T
www.aea-bank.com,parked-ads,F,F,T
www.cbfv.com,parked-ads,F,F,T
www.atwaterstatebank.com,bank-interstitial,T,F,T
www.mnbla.com,reuse,F,F,T
www.newhorizonsbank.com,dead,F,F,T
www.barnesbank.com,reuse,F,F,T
www.fcbflorida.com,parked-ads,F,F,T
www.fnbmontgomery.com,bank,F,F,T
www.greatercommunitybank.com,dead,F,T,T
www.legacybancorp.com,reuse,F,F,T
www.mbcpbank.com,parked-ads,F,F,T
www.firstfedca.com,dead,F,T,T
www.fbtmonline.com,dead,F,T,T
www.banktrustbrewton.com,dead,F,F,T
www.ellisstatebank.com,dead,F,T,T
www.yourbankonline.com,dead,F,F,T
www.bogj.com,parked-ads,F,F,T
www.pdrbank.com,dead,T,T,T
www.heritagecommunitybank.com,parked-ads,F,F,T
www.firstcitzbank.com,dead,F,F,T
www.thebankofellijay.com,parked-ads,F,F,T
www.bankofflorida.com,parked-ads,F,F,T
www.bankwi.com,redir2alive,T,T,T
www.mycnbonline.com,notreg,F,F,F
www.pcb-net.com,notreg,F,F,F
www.calnetbank.com,parked-ads,F,F,T
www.cattlemansnationalbank.com,bank,T,F,T
www.alliance-bank.com,parked-ads,F,F,T
www.synovusbankjax.com,dead,F,T,T
www.bankhiawassee.com,dead,F,F,T
www.westernspringsbank.com,dead,F,F,T
www.localbankers.com,dead,F,T,T
www.firstgabnk.com,dead,F,T,T
www.rnb-texas.com,dead,T,F,T
www.1stcommbk.com,dead,T,F,T
www.fsbarizona.com,bank,F,F,T
www.bankoasis.com,dead,T,F,T
www.sobieskibank.com,notreg,F,F,F
www.summitbk.com,dead,T,F,T
www.kearneysb.com,dead,F,T,T
www.bcnationalbanks.com,parked-ads,F,F,T
www.southernstatebank.com,parked-ads,F,F,T
www.interstatebank.com,dead,F,F,T
www.fpbank.com,dead,F,F,T
www.dallasnationalbank.com,parked-ads,F,F,T
www.nnb1.com,bank-interstitial,T,F,T
www.msbbank.com,parked-ads,F,F,T
www.grahamnb.com,bank,F,F,T
www.ccb-idaho.com,bank,F,F,T
www.aabnk.com,reuse,F,F,T
www.pacificnational.com,parked-ads,F,F,T
www.cherryvillefederal.com,dead,F,T,T
www.bankfarmers.com,parked-ads,F,F,T
www.fsbtf.com,bank,F,F,T
www.wakullabank.com,parked,F,F,T
www.swcbank.com,dead,F,F,T
www.fnbakron.com,dead,F,F,T
www.firstgulfbank.com,dead,F,F,T
www.communityresourcebank.com,dead,F,T,T
www.ibankunited.com,dead,F,T,T
www.1stfedbank.com,bank,T,F,T
www.mycrbank.com,parked-ads,F,F,T
www.communitybanksuperior.com,dead,F,F,T
www.covestbanc.com,reuse,F,F,T
www.ccbank.us,dead,F,T,T
www.orangecommunitybank.net,parked-ads,F,F,T
www.bankofsmithtown.com,bank,F,F,T
www.libertypointebank.com,dead,F,T,T
www.firstlamesa.com,parked-ads,F,F,T
www.townecenterbank.com,bank,F,F,T
www.yanb.com,dead,F,T,T
www.tncommercebank.com,dead,F,F,T
www.finbnetbank.com,notreg,F,F,F
www.texasstatebank.com,dead,F,T,T
www.fnwb.com,dead,T,F,T
www.mountainheritagebank.com,bank-interstitial,F,F,T
www.fwsavings.com,bank,F,F,T
www.cortezcommunitybank.com,parked-ads,F,F,T
www.cmbank.com,dead,F,F,T
www.cflsb.com,dead,F,F,T
www.noblecommunity.com,dead,F,F,T
www.fnbsoutheast.com,dead,F,F,T
www.fnbhotsprings.com,dead,F,T,T
www.nwcommbank.com,malware,T,F,T
www.unitedamericasbank.com,dead,F,F,T
www.wintonsavings.com,parked-ads,F,F,T
www.cbnk.com,bank,T,F,T
www.harvardstatebank.com,dead,F,T,T
www.genoasavings.com,reuse,F,F,T
www.metropacificbank.com,dead,F,F,T
www.banktcb.com,dead,F,F,T
www.amcore.com,bank,F,F,T
www.unionfed.com,parked-ads,F,F,T
www.vbtnh.com,dead,F,F,T
www.neponsetbank.com,parked-ads,T,F,T
www.wellsfargofinancialbank.com,dead,F,F,T
www.untno.com,notreg,F,F,F
www.bankofwhitman.com,parked-ads,F,F,T
www.pbck.com,redir2alive,F,T,T
www.1stchoicebank.cc,parked-ads,F,F,T
www.thecbt.com,dead,F,F,T
www.merrillmerchants.com,bank,F,F,T
www.bankoncitizens.com,bank-interstitial,T,F,T
www.homenational.com,dead,F,F,T
www.centralsierrabank.com,notreg,F,F,F
www.sunrisebanksandiego.com,bank,F,F,T
www.valleybanks.com,parked,F,F,T
www.wemplestatebank.com,bank,T,F,T
www.discovery-bank.com,dead,F,F,T
www.merchantsandfarmersbank.net,dead,F,F,T
www.flagshipbank.com,bank,F,F,T
www.amernat.com,parked-ads,F,F,T
www.fsbfm.com,bank,F,F,T
www.fnfg.com,dead,F,T,T
www.statebankiowa.com,notreg,F,F,F
www.crescentbank.com,dead,F,T,T
www.harborbankva.com,malware,F,F,T
www.fidbank.com,dead,F,T,T
www.peoplesbankla.com,parked-ads,F,F,T
www.cbotexas.com,notreg,F,F,F
www.freedombankga.com,dead,F,T,T
www.banklakeside.com,reuse,F,F,T
www.bonh.com,parked-ads,F,F,T
www.cowlitzbank.com,parked-ads,F,F,T
www.fmsbtx.com,notreg,F,F,F
www.pacificabank.com,dead,F,F,T
www.ozaukeebank.com,bank,F,F,T
www.harborcommunity.com,parked,F,F,T
www.emprise.com,bank,T,F,T
www.worthnb.com,bank,F,F,T
www.nantucketbank.com,bank,F,F,T
www.oglethorpebank.net,dead,F,F,T
www.nbronline.com,parked,F,F,T
www.sanluistrustbank.com,dead,F,T,T
www.fbnoky.com,dead,F,F,T
www.eurobankpr.com,dead,F,F,T
www.foleybank.com,redir2alive,F,T,T
www.metrobanker.com,dead,T,F,T
www.ccfnb.com,dead,F,F,T
www.statebk.com,dead,F,F,T
www.cornerstonebank.com,parked-ads,F,F,T
www.premierbankonline.com,dead,F,F,T
www.firsteconnect.com,dead,T,F,T
www.firstcommunitybank.net,bank,T,F,T
www.gbbanker.com,bank,F,F,T
www.irnb.com,dead,F,F,T
www.sbtco.com,redir2alive,F,T,T
www.pbminn.com,bank,F,F,T
www.unitynationalbank.com,dead,F,F,T
www.communitybankofrowan.com,bank,F,F,T
www.wgnb.com,dead,F,T,T
www.reliancebankny.com,notreg,F,F,F
www.highcountrybank.com,bank,T,F,T
www.bankone.com,redir2alive,F,T,T
www.bridgewatercoop.com,dead,F,T,T
www.comfirst.com,dead,F,F,T
www.sbk.com,dead,F,T,T
www.sbna.com,bank-interstitial,F,F,T
www.morgankeegan.com,bank,F,F,T
www.statebankoflucan.com,dead,F,F,T
www.summitcommunitybank.com,redir2alive,F,T,T
www.greystonebank.com,dead,F,F,T
www.castlebank.com,bank,F,F,T
www.keywestbank.cc,parked,F,F,T
www.pointpathbank.com,parked-ads,F,F,T
www.marathonstatebank.com,redir2alive,T,T,T
www.cnbnetbank.com,dead,F,F,T
www.hawkeyestatebank.com,notreg,F,F,F
www.fullertonfederal.com,reuse,F,F,T
www.icbbank.com,bank,T,F,T
www.peoplesnb.com,redir2alive,F,T,T
www.communitybanknp.com,bank-interstitial,F,F,T
www.mcsbk.com,parked-ads,F,F,T
www.akfirstbank.com,parked-ads,F,F,T
www.statebankoxford.com,dead,F,F,T
www.csbnet.com,dead,F,F,T
www.kleinet.com,redir2alive,T,T,T
www.grovetonbank.com,bank,F,F,T
www.statebat.com,parked-ads,F,F,T
www.pennfsb.com,redir2alive,F,T,T
www.fnbbelleville.com,dead,T,F,T
www.fbebank.com,dead,T,F,T
www.atlanticsb.com,reuse,F,F,T
www.mainstreetsavingsbank.com,parked-ads,F,F,T
www.bigskybank.com,bank,F,F,T
www.ucbank.net,parked-ads,F,F,T
www.fnbnewport.com,dead,T,F,T
www.mercantiledfw.com,notreg,F,F,F
www.firsttrustnc.com,bank,T,F,T
www.bankofbertrand.com,bank,F,F,T
www.iowabank.net,dead,F,T,T
www.bowva.com,parked-ads,F,F,T
www.centrabank.com,bank,F,F,T
www.guarantysb.com,parked-ads,F,F,T
www.symphonybank.com,dead,F,T,T
www.summitbankaz.com,bank,F,F,T
www.mtnwb.com,bank,F,F,T
www.goldenstatebk.com,bank,F,F,T
www.firstchicagobt.com,dead,F,F,T
www.securitybank.net,parked-ads,F,F,T
www.villagebank.biz,bank,F,F,T
www.jeffersonbanktexas.com,parked-ads,F,F,T
www.lpsb.com,bank,F,F,T
www.allegiantbank.com,dead,F,F,T
www.credicardbank.com,dead,F,F,T
www.northwestbanktexas.com,parked-ads,F,F,T
www.wbbankonline.com,notreg,F,F,F
www.scnbank.com,dead,T,F,T
www.homesavingsofamerica.com,dead,F,F,T
www.suburbanfsb.com,dead,F,F,T
www.fsnbga.com,parked-ads,F,F,T
www.peoplesoxford.com,malware,F,F,T
www.imperialsavings.net,notreg,F,F,F
www.sterlingmontgomery.com,dead,F,T,T
www.flagbank.com,parked-ads,F,F,T
www.thebusinessbank.biz,dead,F,F,T
www.bankofholden.com,parked-ads,F,F,T
www.pulaskibank.com,bank,T,F,T
www.pepperelltrust.com,bank,F,F,T
www.sterlingbankfl.com,dead,F,T,T
www.cbofl.net,dead,F,T,T
www.thescottishbank.com,parked-ads,F,F,T
www.fbnb.com,parked-ads,F,F,T
www.valricostate.com,dead,F,T,T
www.ffbonline.com,bank,T,F,T
www.portagebank.com,dead,F,F,T
www.countybank.com,dead,F,F,T
www.westernsecuritybank.com,bank,F,F,T
www.evergreenbank.com,dead,F,F,T
www.mainsourcebankoh.com,dead,F,T,T
www.keystonebankstl.com,notreg,F,F,F
www.firstbankfla.com,bank,F,F,T
www.elginstatebank.com,bank,F,F,T
www.mpnb.com,dead,F,F,T
www.goldbank-ok.com,notreg,F,F,F
www.legacybanks.com,dead,F,F,T
www.ingdirect.com,bank,T,F,T
www.bsbbonham.com,parked-ads,F,F,T
www.jacksonstatebank.com,dead,F,T,T
www.fnbj.net,notreg,F,F,F
www.premier-bk.com,bank-interstitial,F,F,T
www.shorebankcleveland.com,dead,F,F,T
www.gebank.com,dead,T,F,T
www.firstbankidaho.com,dead,F,F,T
www.sandridgebank.com,dead,F,F,T
www.mcintoshbancshares.com,parked-ads,F,F,T
www.firstnationalstmarys.com,notreg,F,F,F
www.belviderebank.com,dead,F,F,T
www.teambank-na.com,parked-ads,F,F,T
www.fabank.com,bank,F,F,T
www.mbna.com,bank,F,F,T
www.texasvbank.com,redir2alive,F,T,T
www.stfrancisbank.com,dead,F,F,T
www.bankonus.com,parked-ads,F,F,T
www.fsbinh.com,notreg,F,F,F
www.premier-bank.com,redir2alive,F,T,T
www.fidelitybankmd.com,redir2alive,F,T,T
www.firstpresidio.com,bank,F,F,T
www.communitybanksk.com,bank,T,F,T
www.thebankoftallahassee.com,dead,F,T,T
www.todaysbank.com,dead,T,F,T
www.fnanb.com,dead,F,F,T
www.abtexasna.com,dead,F,T,T
www.centennialbanks.com,parked-ads,F,F,T
www.rockbridgebank.com,bank,F,F,T
www.statebankofrogers.com,dead,F,F,T
www.tpbonline.com,dead,F,T,T
www.thebankoftexas.com,dead,F,T,T
www.texstarbank.com,dead,F,T,T
www.uninatbk.com,dead,T,F,T
www.communitybankoc.com,bank,F,F,T
www.firstcharter.com,dead,F,T,T
www.fcbankgroup.com,bank,T,F,T
www.escrowbankusa.com,dead,F,F,T
www.decaturfirstbank.com,bank,F,F,T
www.first-federal-bank.com,dead,F,F,T
www.wainwrightbank.com,bank,F,F,T
www.fsbaltus.com,bank,F,F,T
www.primebankfl.com,parked-ads,F,F,T
www.dsbank.com,parked-ads,F,F,T
www.colonialbank.com,dead,F,T,T
www.pdnb.com,dead,F,T,T
www.mercantileboston.com,bank,T,F,T
www.winlocbank.com,parked,F,F,T
www.first-american.com,dead,F,F,T
www.unitedbankofidaho.com,dead,F,T,T
www.firstmutual.com,bank,F,F,T
www.madison-bank.com,parked-ads,F,F,T
www.northforkbank.com,dead,F,T,T
www.firstregional.com,parked-ads,F,F,T
www.bankofthecommonwealth.com,bank,F,F,T
www.contnatbank.com,notreg,F,F,F
www.firstbankslo.com,parked-ads,F,F,T
www.deposit-bank.com,dead,F,T,T
www.roserockbank.com,bank,F,F,T
www.firstlowndesbank.com,parked-ads,F,F,T
www.reedsburgbank.com,bank,F,F,T
www.worldsavings.com,dead,F,T,T
www.gatewaysavingsbank.com,reuse,F,F,T
www.efsbank.com,dead,F,F,T
www.americansecuritybank.com,redir2alive,T,T,T
www.1stpacbank.com,dead,F,F,T
www.jpmorgan.com,bank,F,F,T
www.essexbancorp.com,notreg,F,F,F
www.ravallibank.com,bank,F,F,T
www.freestarbank.com,dead,F,T,T
www.arbankersbank.com,reuse,F,F,T
www.securityexchangebank.com,bank,F,F,T
www.firstfloridabank.com,bank,F,F,T
www.stissing.com,parked-ads,F,F,T
www.fnb-colorado.com,dead,T,F,T
www.inficorp.com,dead,F,F,T
www.firstcityonline.com,dead,F,F,T
www.countrywidebank.com,dead,F,F,T
www.plantersbank.net,dead,F,F,T
www.libertystatebank.com,parked-ads,F,F,T
www.tcbank.com,bank,T,F,T
www.bankoflodi.com,dead,F,F,T
www.rivergreenbank.com,parked-ads,F,F,T
www.lasallebankmidwest.com,dead,F,T,T
www.auburncommunity.com,bank-interstitial,T,F,T
www.watervillebank.com,redir2alive,F,T,T
www.coloradosbank.com,dead,F,F,T
www.federaltrust.com,dead,F,T,T
www.allegiancedirectbank.com,notreg,F,F,F
www.fiserviss.com,dead,F,F,T
www.fnbl.com,dead,F,T,T
www.wycobank.com,redir2alive,T,T,T
www.carolinafederal.com,bank,F,F,T
www.poconocommunitybank.com,dead,F,F,T
www.greenvillecommunitybank.com,dead,F,T,T
www.summitbank-wa.com,bank,F,F,T
www.resourcebankonline.com,dead,F,F,T
www.mercantilebankandtrust.com,dead,F,T,T
www.hometowncb.com,bank,F,F,T
www.statebankofli.com,dead,F,T,T
www.firststateonline.com,dead,F,T,T
www.exchangebanksc.com,dead,F,T,T
www.warwicksb.com,parked-ads,F,F,T
www.fcbsavage.com,notreg,F,F,F
www.corebanking.net,bank,F,F,T
www.pbok.net,notreg,F,F,F
www.southernnationalbank.com,parked-ads,F,F,T
www.bankofcoweta.com,dead,F,T,T
www.bocc.com,parked-ads,F,F,T
www.cnatrust.com,dead,F,F,T
www.psbjeffersonville.com,dead,F,F,T
www.oakhillbanks.com,parked-ads,F,F,T
www.commercebankwyoming.com,bank,F,F,T
www.csbwestfl.com,parked-ads,F,F,T
www.firstcoleman.com,bank,F,F,T
www.macombcommunity.com,dead,F,T,T
www.graftonstatebank.com,bank,F,F,T
www.capitalbankal.com,redir2alive,T,T,T
www.ranchersbanks.com,parked-ads,F,F,T
www.texaspremier.com,dead,T,F,T
www.firststatebankia.com,dead,F,T,T
www.citynatlbank.com,parked-ads,F,F,T
www.cwe-bank.com,reuse,F,F,T
www.corridorstatebank.com,dead,F,T,T
www.communitybankonline.com,bank,F,F,T
www.signaturebanks.com,parked-ads,F,F,T
www.fccbank.com,dead,F,T,T
www.dcsb.com,dead,F,T,T
www.bankoflenawee.com,parked-ads,F,F,T
www.citizensbankofeffingham.com,dead,F,F,T
www.cornbeltbank.com,dead,F,F,T
www.pacificunionbank.com,reuse,T,F,T
www.maynardville.com,bank,F,F,T
www.southvalleybank.com,redir2alive,T,T,T
www.keybankusa.com,bank,F,F,T
www.charteroakbank.com,parked-ads,F,F,T
www.gbtrust.com,parked-ads,F,F,T
www.orionbank.com,dead,F,T,T
www.firstnbt.com,parked-ads,F,F,T
www.qcfb.com,bank,F,F,T
www.firstcapitalonline.com,parked-ads,F,F,T
www.mycommunitybank.com,dead,F,F,T
www.exchangebk.com,dead,F,F,T
www.rosemountbank.com,bank-interstitial,F,F,T
www.bankofauburnhills.com,dead,F,T,T
www.greenwichbankandtrust.com,dead,T,F,T
www.darbybank.com,bank,F,F,T
www.bankinland.com,notreg,F,F,F
www.mymillenniumbank.com,dead,T,F,T
www.bankatgrange.com,dead,F,F,T
www.heritagebankinggroup.com,dead,F,T,T
www.alphacommunitybank.com,parked-ads,F,F,T
www.communitybankmissoula.com,bank,F,F,T
www.southernexchangebank.com,redir2alive,T,T,T
www.svgsbank.com,parked,F,F,T
www.deltasouthernbank.com,dead,F,F,T
www.edensbank.com,dead,F,T,T
www.progressivestatebank.com,parked-ads,F,F,T
www.tattnallbank.com,dead,F,F,T
www.destinbank.com,parked-ads,F,F,T
www.bbnv.com,reuse,F,F,T
www.americanbankec.com,notreg,F,F,F
www.fnblafollette.com,bank,F,F,T
www.bankofspringvalley.com,notreg,F,F,F
www.bankcaroline.com,dead,F,F,T
www.communitynational-bank.com,parked-ads,F,F,T
www.citizensbsp.com,notreg,F,F,F
www.stellarbusinessbank.com,dead,F,F,T
www.houstonbusinessbank.com,redir2alive,F,T,T
www.blcnet.com,dead,F,T,T
www.fsbwin.com,bank,F,F,T
www.ffbmw.com,bank,F,F,T
www.nbmontpelier.com,notreg,F,F,F
www.sunbankonline.com,parked-ads,F,F,T
www.apab.com,parked-ads,F,F,T
www.myfriendlybank.com,parked-ads,F,F,T
www.fnbgreatbanc.com,parked-ads,F,F,T
